filename,pred_lat,pred_lng
001fae9d954344049b876cebe6722280.jpg,62.08696961402893,17.876019179821014
00222ef1c8184c88beccad680e7191a0.jpg,42.15950310230255,20.02506673336029
0027a46dccf74e929dd3f37758ac103c.jpg,52.22777009010315,10.629507824778557
00389c33503843e0bc58e7968edced1d.jpg,48.46749544143677,18.328054547309875
0054cf7ba4b249c19241861fe458c5ac.jpg,43.420570492744446,5.722338706254959
005a14f39b084283ad0fc2719f2bcbcd.jpg,55.182931423187256,17.526736557483673
005b92002b334208a093c64b72a6f050.jpg,54.35519099235535,12.848765552043915
00600be822c549c8af39f1f5b5ede3f9.jpg,62.7381294965744,16.024023592472076
00a389ef8cdf4a099975c92f5a13422b.jpg,47.95100390911102,5.6148213520646095
00c9d136add74973ab3c6404ffa434f0.jpg,54.16557490825653,28.912909626960754
010f3568ddb44b0982a3075b43d9b440.jpg,54.66620922088623,11.889053732156754
011f3eeea027469d89e4f00665769d78.jpg,52.727980613708496,19.454091489315033
0158bcbd60da40c4917aa2420aa634ba.jpg,43.63074839115143,9.006616473197937
015c78502d9947e08fb60e599669f4fa.jpg,47.17502474784851,18.356719315052032
01629cbcd65e44eab22002e5b14b6548.jpg,51.609622836112976,5.0960398837924
01763de348364d1fbc579146df97d37b.jpg,57.19161093235016,-10.105300918221474
017dcb831cfc4a9882940697888d0ced.jpg,56.240140199661255,16.178689152002335
019be938f1a0455391c20b98f6572499.jpg,64.50600028038025,-7.127650603652
01c4f0fa97f04783a3211a6de2c23e73.jpg,45.424684882164,10.677715837955475
01d25cf1ee5e4830aaeb6074205ad62a.jpg,58.5800564289093,10.961017459630966
01ed23a01df94ef0844e8b2fa331c129.jpg,45.02163469791412,7.439063787460327
01f3b2d2ea3b47b9bca965a88d83eac0.jpg,45.56608557701111,17.23482370376587
02084e36bc444ef39c31e5948701b1c4.jpg,68.65282416343689,-23.843311965465546
020abdf2c3e745a5b90bfd47d8b501cd.jpg,42.72156536579132,11.183017864823341
02396ad84a354364a48904bcd95f5892.jpg,43.23098659515381,11.778742522001266
027ac7c887664ffea1f4a1fc3220b291.jpg,52.51859128475189,11.65842667222023
0281d1f979db48e59b67476e0da95e84.jpg,52.58158564567566,10.436503440141678
02b5f7fd8597422da833262fcdf45133.jpg,50.98785996437073,23.53373408317566
02c266dc9ab544118b1dd84a59573848.jpg,45.319719314575195,4.227526858448982
02cfb3b2ae52430e9d6f2509958a8362.jpg,53.00820171833038,17.138489484786987
03037f65db5c40229e4a5e0c73c9a4c9.jpg,46.73929989337921,8.071841150522232
03085b4a390f49b1bbe5fd33a9d54fab.jpg,55.63331723213196,4.238486364483833
032de27479144290872ebe1c8ecad565.jpg,51.59453809261322,13.391277194023132
0330096bbcf54b5ebcd1de0742b4074c.jpg,54.88027095794678,1.0375233739614487
0334589dd76a41a8bede99449407e309.jpg,59.204957485198975,14.322309494018555
037a3d3307cc48f1aedd3a47ddc879bc.jpg,54.92986500263214,11.395057886838913
039327fb6356427985c851ee92719f18.jpg,62.787755727767944,15.615220069885254
039a4c0b623f4e8185029fb3f9866add.jpg,50.970919132232666,4.195544868707657
03cc82a39824455db366010f9d112f61.jpg,56.97540879249573,8.013558089733124
03d919f497eb487a9e25a27ca30f2d91.jpg,46.80094242095947,10.762566179037094
03fbaf0fcede4ea9aaacbb50a55a4d42.jpg,48.317720890045166,4.181300327181816
041fe0bb00d44f4b80ef5dd4dfd8b737.jpg,61.51621162891388,17.064154744148254
0449d499f8844256b20b6d0cedf307b5.jpg,55.083062052726746,-11.659610867500305
0477125874354cf485541b2339ca588f.jpg,54.031898975372314,8.13018523156643
04fe9d8d9b504dcab6c55bf76b3db4db.jpg,46.542710065841675,8.046714887022972
05170958f1e54c7fbc02d5ceb9653671.jpg,51.90444052219391,9.450885504484177
05291c9478524b70ac38889b36cd5d11.jpg,60.793994665145874,5.764469504356384
055489f8e5cb4ea9b7e4570c4e22e857.jpg,54.652841091156006,8.811803609132767
0557ca61379d43dd812e5775422c23bb.jpg,53.58789145946503,12.818255424499512
056f44a7c71f4491af64396f932cdf77.jpg,49.59930717945099,37.668592035770416
059d0b5017b948109e94df1fcceb14a3.jpg,62.77787446975708,10.192074403166771
05aefc0ae7904acb93003092f57b9c7d.jpg,54.35957372188568,10.192905217409134
05c853aef97a4e9caeb3266643564968.jpg,71.21808350086212,-24.266746938228607
05d5a304941b416b836917fde606d0fc.jpg,47.13352560997009,12.479513883590698
061c315f556d4c32b19bb6227161c931.jpg,58.58027100563049,14.154694229364395
062b12213fe745c3805f9c2d44f2e16c.jpg,50.14203608036041,5.194317363202572
06345666b32242269cd3712f2b6965b4.jpg,48.28321695327759,15.19460678100586
06411cf3183b455eae932245371997f1.jpg,53.73693108558655,21.96379691362381
06ada4f3175a473c800ec8c7c4e2558f.jpg,49.2142653465271,13.113687336444855
06cc722a9ca84af889604e2be2603e7b.jpg,48.405895829200745,6.273221522569656
06fc5839af1246da863db06b6fd1f071.jpg,56.16917431354523,-9.226746037602425
0717e95cbd394dedba23da6590b5b9ec.jpg,49.885080456733704,7.002115845680237
0729960565b04ff8aecf6acfa3daffb1.jpg,60.91575622558594,11.800318211317062
073e9ca6d23741d7bf270cffb5fb056a.jpg,46.00356459617615,20.046779215335846
074041e9efe241d3bc9cc049637c126a.jpg,60.06522238254547,16.026510000228882
0759c887f49e4e9d8835da0a5cf296fd.jpg,59.796448945999146,21.391680389642715
0768a5db598c4bc5959872f483d0b7e6.jpg,46.61730766296387,-1.0662122815847397
076b8a6ef1554a188da9d2e68b0eef57.jpg,53.638612031936646,26.700618267059326
07bdda5d0a414396995078b24aefe1ac.jpg,56.581242084503174,-7.0193953067064285
07d372d78fb44e3f82a00d4ae76401d3.jpg,58.17219436168671,12.487239986658096
07ec8c55ce0c44b9958bc1f1f63de81c.jpg,57.232638001441956,8.329869657754898
07f6957757414b959e2738d4f99f1ca3.jpg,62.99667298793793,19.50264483690262
083cfbd8207e48c49ca113114adf272d.jpg,50.54509162902832,8.799405097961426
08690ead2bb44f99875f736fa2860edd.jpg,71.5039050579071,24.990468621253967
087afc88e7ed4940b546a888fbc3dcfc.jpg,60.64999222755432,-10.80235742032528
08c494f084db41c7967e486f43da3a25.jpg,62.36854791641235,-6.592008098959923
08cbefd210f34870b3ca2ddf920ca651.jpg,50.08244276046753,18.926401734352112
08e0525962e5485ba3c0af0517451fd2.jpg,59.35583710670471,17.778319716453552
08f195bdc639487788d98e6a05315af1.jpg,54.31034445762634,13.38686227798462
090ba2c8d1fd4a28bed96de0a8b4e0f0.jpg,47.35349893569946,7.6674579083919525
090c2f749fcd4de8a6310bd8503b0d72.jpg,61.55939519405365,14.979391694068909
0916812418ad47118dfb3ba5dc35f67f.jpg,58.968493938446045,-10.685783252120018
094522cd2a844ff8b502fcef5be678c4.jpg,37.97952175140381,34.46739703416824
09581fd6287b4ee79f1e34804177bb30.jpg,47.54384458065033,0.4955347627401352
0962b455162a4f43a96b1369a8afe888.jpg,55.75392007827759,12.542325854301453
09a550cf7ad54054964f70fc6d7ad281.jpg,57.72593915462494,17.246711254119873
09d94ac984cb4d23b0d219c8a94dc218.jpg,39.30859923362732,13.61619919538498
0a3d28adb7c04d3992a29215682fa886.jpg,46.28091037273407,7.772442921996117
0a4e979901d24c4aacfdfe4b10376c66.jpg,52.61797249317169,23.59492063522339
0a6c12a1c9384f32bc766060efab0007.jpg,52.79348015785217,10.938122123479843
0a7f526f7a3948b283573a48ceb02ff7.jpg,57.18080163002014,-10.278711095452309
0a812f28cef84df4ac17faf7d766d675.jpg,54.144712686538696,12.493468075990677
0a8f2b68d28643a599f1d30d15c7a7a2.jpg,57.84126341342926,2.270084246993065
0a9ccd0a79d045d8ab26d16d8612a303.jpg,56.477113366127014,17.664087116718292
0aae83928ec84609bbbee10139286a74.jpg,54.93294417858124,3.866022080183029
0b4e87f260bf4291bb1ab87f679d8d5a.jpg,59.005438685417175,16.485181152820587
0b50961322c54b35817632a635de66b6.jpg,48.47224295139313,8.679788634181023
0b63026ca90d4518825008bf5274e386.jpg,42.79404938220978,4.042986184358597
0b671b5673804fc1b5c37ba5ad963911.jpg,38.955295979976654,5.422689691185951
0b67709695904832a5b6c83f97c41bb6.jpg,41.68623000383377,5.300713554024696
0bcf972e91264e2bad8d2ab61dbffd46.jpg,34.615768790245056,24.81758952140808
0be7ba2a5c524e19b735949402c0a512.jpg,66.70949935913086,-5.687466636300087
0c1be408c37e41ea840b262046cef492.jpg,53.63977074623108,10.50420306622982
0c1c0d4d5a4748c590775862b5a83f6c.jpg,44.514823257923126,12.425172328948975
0c1db76f89b440edb939866a2596b7dd.jpg,52.34567999839783,8.275320902466774
0c23de7455ad4136bd0f83e2d187ffa2.jpg,47.58171737194061,8.721513748168945
0c3e1b48c7854dbf860b9c5c86c5a098.jpg,50.74527561664581,17.805804312229156
0c5b385403094c7a93c03b840188863c.jpg,53.58187794685364,16.23738795518875
0c5e61431ce34eea9417c54b12022b51.jpg,58.54033291339874,-1.197955682873726
0c741a5c5f13448ca608c5de87dd6aa8.jpg,54.5815372467041,16.22242122888565
0ced55bbce5e45cc9a2afc83116be543.jpg,58.21955144405365,-0.4960792511701584
0cfbea8ad9d54210800a5cda19199a9d.jpg,43.982627391815186,19.25677478313446
0d298cb27bca44858ef0ed4d4d7faa11.jpg,54.9216091632843,15.636850744485855
0d7b1e5158e443baa5007a61d5708dbb.jpg,60.01737713813782,1.07200987637043
0daa52205550481bbcad2817de2f3a20.jpg,57.797731161117554,15.617349743843079
0dbba1387c0448b389f6a4f06c1e4d99.jpg,49.677338004112244,3.6833401769399643
0dbe29871c504729a59d93031bbef69f.jpg,55.458324551582336,28.60357314348221
0dc05fc1b6204fdc99354446b9a27a0c.jpg,50.97456693649292,11.101028770208359
0deaa5ebdaa14c1da37f06c02eeab4c6.jpg,67.83361852169037,-23.093039095401764
0deb5287015c432f9b5c8426febf30ae.jpg,42.60275959968567,14.032850861549377
0e05388acfb245eb9e578f81ca37462f.jpg,38.60526233911514,2.1702349931001663
0e5a18b486d340888ac53fae0cb8ec12.jpg,54.100574254989624,12.318566590547562
0e993de5391e43d1ae8a18a30c12da4f.jpg,42.20710963010788,22.037925124168396
0ea410759f4241028a09d0405e5021c5.jpg,61.15386128425598,-16.190535128116608
0ec7bb1024074090afa2e13f1ee307c3.jpg,54.52121436595917,15.001603066921234
0ecb284cf7644d598d47eb599d696343.jpg,54.09364342689514,20.523292422294617
0ed5c22b6d66442b99d342e9e6d284da.jpg,64.89334881305695,-10.64907856285572
0eebf290999e40d4b75d59436eebf2c0.jpg,54.24574613571167,3.867732658982277
0ef72e980626451e92ab890ac25c8586.jpg,47.23298728466034,9.375636130571365
0f68180f1be54bcd8fb861f2970ebcfd.jpg,45.71681499481201,5.192883722484112
0f6e8f343131431598b3f3dd85aa3f78.jpg,51.72613799571991,5.521080158650875
0f6fc96a9dbb4a3cad31b4de02f6c69b.jpg,46.11592233181,9.184023141860962
0f985b710d914f6a8ee79f876c92075c.jpg,67.30686485767365,-16.171298325061798
0f9ae4069b1045c99e3ef9d6669d29a7.jpg,62.0654958486557,14.588258564472198
0fb83e4a8758479f87d2e59b14db5fa7.jpg,59.002456068992615,15.431246012449265
0fd9b0624568477d80c5e3ea3cfb7c81.jpg,66.50269031524658,-6.60387821495533
0ff07427790b4c3eb72ad69586acc55a.jpg,65.34350395202637,20.70376753807068
0ff31ff02f9c489499211477133383fb.jpg,55.08714973926544,0.7922621816396713
100044a51e8c4a2e9c24d426d0129723.jpg,48.07039439678192,10.042171105742455
1006be21453240a2a60e2243f056fc2a.jpg,47.559471130371094,11.689887642860413
10078b8f4d724def8483dfcd24f2ca54.jpg,49.89695191383362,11.262048482894897
100fb18966e0471383b4bcebe60a4675.jpg,48.28250348567963,-2.45628722012043
10128a081c924521be3c75d6d82b9594.jpg,53.50438356399536,8.089226558804512
10a77d126c53479e8117fde7b7cca9b2.jpg,65.90234220027924,-26.828058063983917
10ac35d5d7824ccbb24d80e8759c4808.jpg,47.33465909957886,7.168140560388565
10bb8b5b99924f139a30778198a63e32.jpg,59.57465708255768,-15.3827503323555
10c6ed5e1d7b442ea4139baf21f98f4e.jpg,55.33734619617462,12.56834328174591
10d5a007f7ab4f7ab8f478f46f67625d.jpg,60.447882413864136,16.254533976316452
10df78ca701f40909b96accdb639335c.jpg,42.664766907691956,-2.7696778625249863
10e68aafd0104b43ad63616f630b44f5.jpg,42.93961554765701,34.09875959157944
10ec204f15a04a0ba6b61b5ae22eaea7.jpg,47.150208950042725,21.756660640239716
116a0ded16464817a6d864b85401519a.jpg,52.23973274230957,15.252121388912201
11932e6f3cae4ac196700d66855c6f4a.jpg,41.61850690841675,11.137806549668312
1199f22696bc4730add048e8f8d17137.jpg,52.585710883140564,10.943153947591782
11a1f6d9d18c4e748c9e88f4208f20f3.jpg,43.31835150718689,4.764972813427448
11b84d06db4a4844a013523f64d089ed.jpg,63.18161129951477,24.950645864009857
11e61e0ba68f4f52a18abf56e5c91670.jpg,51.05752229690552,13.419561088085175
12043e8621b84e94826be6fca8d599c5.jpg,48.44102203845978,-2.1922679990530014
1208ef47d28040d995d4201b02340b3f.jpg,49.32106554508209,10.977975726127625
123339235aee408e97a0742ee22847ae.jpg,50.911234617233276,23.542113304138184
1277855e8e7e440fb0526c6d2af4b34b.jpg,57.02786207199097,14.662747532129288
1279b824da6744199d3e1dc54727b2d7.jpg,51.027615666389465,16.12262025475502
128b3ab720794fbf90462a0d3363b6c8.jpg,47.782888412475586,10.570601150393486
129cc40d356c4c3c8b9f8576fc62c21d.jpg,49.8942106962204,7.344140410423279
12c32366f60d4d86b0556f1be69d88b6.jpg,54.75931942462921,3.7008442729711533
12fc0cc0a81640a89d93e2c4993fd21c.jpg,54.51798498630524,14.717514216899872
130bae4862f74afdbb3c39cd077a22fb.jpg,63.83761525154114,-3.894198015332222
1358071ca3c24cb1a63386eb9bf2772e.jpg,49.73937749862671,6.000749319791794
1368f427c46b42e397de45f201b0165b.jpg,51.369216442108154,34.27279204130173
1371e01a1b5e4fef991828df2a362435.jpg,53.0464231967926,13.460106700658798
13a0290d603948c1bc9a41ef600c1c28.jpg,39.28712546825409,10.124004632234573
13b68032ce204b9f8bb4bd9e1c83839e.jpg,38.59727740287781,5.756491273641586
13c448bab92848cd8b2635491a2341ef.jpg,44.78192299604416,7.062060534954071
13c716a91036452d959ad9ed5ef2731a.jpg,43.69255989789963,8.737313970923424
13c7eeae250a45a780e1a18c8b621bd9.jpg,59.07846450805664,-5.381881222128868
13d2eaade841401d90917003b81c2c71.jpg,69.13896918296814,-28.87471228837967
140e91b41eee41a0b6559972f29ef9e7.jpg,55.530019998550415,8.238198459148407
144d426896044996b64f15bfe7a36834.jpg,42.61297345161438,7.281335145235062
147426e5a29e42afac7b62928e2bed77.jpg,57.42950141429901,19.097187370061874
147df93cccd746fca71be4aa254c6cca.jpg,46.90021634101868,2.9372066259384155
148d24ed00224accbdb9a656bc7e6bfb.jpg,63.57312798500061,15.473894476890564
149090a6125944ce8949d55ab7e075db.jpg,61.30141496658325,18.137234151363373
149f4461cb684be6a2adc5e5738a004e.jpg,59.234880208969116,19.63837668299675
14b44051df1540d9b318a188ad0ac0b9.jpg,51.766188740730286,12.628911584615707
14bf29334d1a4a1d88aa7b2538029f15.jpg,56.47942543029785,17.697720676660538
14f6f0ce9a67423192d0a082f881b24e.jpg,55.80983340740204,16.934076994657516
14fb1f587dff4ed5a1d23236ff84a58d.jpg,62.127825021743774,18.38238537311554
15110e5dd49444cf913a5be16f99c3b4.jpg,56.834625005722046,9.730627164244652
15241fc1cf6f43cb819703d896e59697.jpg,50.681310296058655,10.152246952056885
152aabb3eacd4ea082796a32de2316d3.jpg,57.017444372177124,3.3391698449850082
15c2ca62e3744090b18271ead339b526.jpg,49.996928572654724,7.368985041975975
15c56f93f32041c0a795269ebdd7bf84.jpg,40.09933054447174,17.676688134670258
15c5e12a237b4dfb9780aa32fed3468f.jpg,45.74976325035095,11.940789520740509
15ed2649da5641c78ddba43dbe6da0c3.jpg,58.37992072105408,18.71880680322647
15edcd960517495899c84d3554afe819.jpg,54.08737778663635,10.368622094392776
1608c9a475f947f4b4652cadb1d4a61d.jpg,47.050597071647644,9.28567886352539
1635557a63da4874a1b880d53c922e69.jpg,54.5983225107193,15.015428513288498
165826d9416744d4964dcb86d5be2e28.jpg,42.9949414730072,10.872937068343163
165b816865e64decb9530a012e70a63f.jpg,60.19986391067505,15.470370054244995
167eeb94c73a43879f0a4af0d27d5f7a.jpg,50.28568983078003,11.24137133359909
1680cca0e7f843b9b5441d95bfd6a4f2.jpg,56.29476070404053,-10.75844831764698
16813cc27bc44030a5c71d75589357b8.jpg,63.103612661361694,20.483188033103943
169074876a394108a2b62122bc69b4e9.jpg,57.3130077123642,16.706635057926178
1691a439f98d4558a1ea243050dfca7b.jpg,52.37478733062744,16.986040771007538
169b4b1104d543809c2a3831e08151c4.jpg,64.54188823699951,-13.229033052921295
16a04019c34743c0a224c23753c25ab1.jpg,48.62067103385925,12.361146658658981
16a2e0df0ca0479db453317e74d6f233.jpg,46.95152163505554,11.427182704210281
16abeecaa3ce45669d81c935eb7fa8ba.jpg,49.248865842819214,8.212470710277557
16af975c70434700829fc68438f6207a.jpg,56.95232570171356,2.1088164299726486
16d3425e60e5494a87cedfbc8eaf5d5b.jpg,51.71834886074066,1.6756946593523026
1712cea705a445aa9ed9b5727b2ee1b7.jpg,43.94135624170303,8.958057090640068
171c81cf85e944ceb22943a307532baf.jpg,62.22227096557617,17.828679531812668
17563a4f39a448879a9994de34b5ea35.jpg,64.98757481575012,23.531861901283264
17a806834eb145d79042de66299fbb60.jpg,47.80879318714142,24.169058203697205
181bc529b8044d8c99bcee9433d2a33a.jpg,69.13319706916809,21.0241761803627
182c92e4d9644911ae20f5faa87b5267.jpg,45.98634481430054,4.20373298227787
1880f98d26d04579b1627e80aee42685.jpg,60.51237881183624,-18.140962421894073
18e6e622b9a1431b9f22c8f2c28399cf.jpg,48.4866464138031,6.156054586172104
18fc5e206005438590b1f549e94eaff6.jpg,52.82331705093384,13.083301931619644
1948c5eb4e4c402faeb55ec8e5b81eae.jpg,50.81831753253937,7.64567032456398
195287f0a30c4dc1a4d2a6ba4b4c0945.jpg,63.971757888793945,-13.63638550043106
195ee78eb6f84f4b938a43c9656ff70b.jpg,56.22257709503174,21.301835775375366
1969f062ef0c453c889cb35ee10b2cc2.jpg,47.95629858970642,14.820020198822021
1979ee50f1054b25af055b37a1385173.jpg,70.05330204963684,-28.075827062129974
1982ea930b4848689a0d0edc62b3dd76.jpg,47.18875765800476,2.0955797284841537
19bdcdfb777049b0864450d9a538f693.jpg,52.388203740119934,10.322660431265831
19ca34cf574b44ad8395337299cc7c48.jpg,45.463812947273254,6.4555614441633224
1a13abd4f49e4ff4b1baf8e0a7960481.jpg,40.7953342795372,26.773636043071747
1a18f2c228cc415da36c2057cf256662.jpg,56.312779784202576,10.867061018943787
1a21b6b140a74ee3a74024f487c8d533.jpg,44.058429300785065,18.498428463935852
1a31ca862d0a46fbaeffbe2cb74f8584.jpg,49.23520803451538,6.466083079576492
1a341d8199d84ab2a92adc3bf892c8e3.jpg,56.83033347129822,-21.763342022895813
1a404caf55074c47b60ce94bd3610d28.jpg,45.46365737915039,6.638412326574326
1a55091bf3e34fbc88241f9bb6fa2658.jpg,71.37117862701416,25.963504314422607
1a609e320060467b93734f58a89fd623.jpg,46.93538010120392,2.446908876299858
1a6e36118434430fa48f5cc13b168f4d.jpg,55.04592418670654,13.802392780780792
1a9cd4a7c4b34fbba6e1de813fd6eb57.jpg,57.801459431648254,18.47612589597702
1aafe969c7c44d4d96e9ba75590f4078.jpg,51.95807933807373,8.954656720161438
1acc587479fe4743abc6eae02626f7bf.jpg,51.563960909843445,6.618015468120575
1ad27bb0a8394c68b04a4771b9e80f79.jpg,48.96553874015808,7.720941826701164
1b062113ffbc4e05915290446583690f.jpg,53.977938294410706,6.078196093440056
1b0e686017dc45f3ac52fb89d1795ac1.jpg,57.44148015975952,10.365730002522469
1b4a3954142c44e7a54f3331f9341613.jpg,57.62380599975586,3.0810125917196274
1b74fe810a564cec98abaf936b80c969.jpg,53.083029985427856,12.069327682256699
1b85f86e791d438392859dcc463105ea.jpg,59.52435493469238,16.1576646566391
1b8d7d96f6284e068278ba9da2eefbe0.jpg,65.10453522205353,-17.69233614206314
1ba485d52c114740aa0dde540355f0b6.jpg,45.04513621330261,6.7562223225831985
1bea8d320d6a49089aced153beb6fc34.jpg,61.000943183898926,-17.74857670068741
1bec9d25966a4641b29bf3bdfc8c84a5.jpg,45.64148783683777,11.443204879760742
1c4d298f1bdf4634bf6b541e3f4dedfc.jpg,62.2673374414444,17.82767504453659
1c72539987084eba88cc31a487bd676f.jpg,56.77214026451111,12.730594128370285
1c9163526fcb4020b4ed77eb23213ce5.jpg,39.10571426153183,13.006585389375687
1c92281bf5a24fa696241ff691f46f46.jpg,43.61674189567566,14.340937435626984
1cfc9a46e2fb462896f448be632a1867.jpg,52.548723220825195,14.361185431480408
1d0b6b6d914e45fd93d53a30e147801c.jpg,57.23658084869385,15.000426918268204
1d3d74a6a00e4a5c9687aff0cca703e3.jpg,58.57452034950256,25.311671197414398
1d85ffcf2ad64761a84f854420f4d5f5.jpg,64.11906480789185,15.129042863845825
1d9c7577ca9a40c6adaada876b87f405.jpg,53.800456523895264,8.758526891469955
1db23f4bbe854e30bf25d7f4cc448f6d.jpg,69.47014689445496,-10.745561644434929
1dbaffc85b3347de9c95edf0f4f79b70.jpg,55.29149651527405,11.742355674505234
1de164e9b48745b8875ee5d3bd801521.jpg,44.40915495157242,5.2135129272937775
1e00dc35f29446b890f6ee8fef9f454a.jpg,49.12129998207092,13.941797912120819
1e1351ddd7bc4877a5b21ff87dd5f4a8.jpg,63.68451476097107,16.246150732040405
1e54e04ce6a64da6980207baa680bb10.jpg,51.5228533744812,7.88568377494812
1e5f585799f74b3dba2b078d657f190a.jpg,50.914238691329956,13.30168068408966
1e759c116f8347deb56626d5056683e6.jpg,63.18854212760925,19.388530254364014
1e8f0436d424453285206d10fa06e562.jpg,47.78508245944977,10.969705805182457
1eb5d6a8160945309fbd67ad04324340.jpg,55.63900887966156,11.816896945238113
1ecb431d26e64fcea1d32b36cf4190dc.jpg,47.67435550689697,6.22877262532711
1ed8d5ad949247a3b6f31848b9ef602e.jpg,48.63747239112854,13.879251480102539
1f07a9efc036468cb44c0fd3b6de04f2.jpg,66.39902830123901,-20.045019686222076
1f40726187bb4fd08a188e8838e77bf9.jpg,64.99328792095184,21.80970937013626
1f5465fe05d94351ab774a874bdb5afe.jpg,59.671136140823364,-0.587531179189682
1f58a7c9297c4947ab67127fab260469.jpg,44.892392456531525,14.30987611413002
1f7f67019f4b4f02bb7b27b45a474fd4.jpg,44.01046335697174,22.073705792427063
1fab100eeec542179373f478b7b2dfc1.jpg,57.532793283462524,-3.6520052701234818
1fb38c2316df47b6aed611e0f466cf07.jpg,50.67060828208923,10.58135211467743
1fb6cc61ab2f4c6880200ebd57006ff4.jpg,44.65131551027298,12.534130364656448
1fd264ca899b400b99e415251de59659.jpg,56.32697939872742,12.621394693851471
1fe6b79e9ecd4f64b39d69bb9d623709.jpg,66.42006754875183,22.68824815750122
1ff211ad04c840b582b5578db344fbf6.jpg,52.05914497375488,19.966334402561188
1ff5004cdc554dfe8635996b26d2eff2.jpg,51.303255558013916,13.835998177528381
200c7552e67f4081af821c1c08a639af.jpg,60.607704520225525,13.282556533813477
2031664e5a0d4a0591b488e9e64a428c.jpg,49.87989842891693,11.854223906993866
2046d411d9054de4af7f0516af79b997.jpg,62.70823895931244,17.437239289283752
20975fed3fc64509b24df68793f40584.jpg,54.83077347278595,8.367425948381424
209e70604a054868ac4d54455667ca42.jpg,44.78537768125534,10.310615971684456
20b86e4f67684aff895ac8ae9dbdc859.jpg,59.400447607040405,13.167232275009155
20c9c6746a4d4248936160fdc36fb82a.jpg,53.12769949436188,3.4604204446077347
20efc761f67944219c409d3f5124cfd0.jpg,57.60210692882538,8.096398115158081
20fc818a0e1149c3adcfcbd6ccbf54b3.jpg,61.90876364707947,3.604281395673752
2124adb04b7448c392e93752c4bfc99e.jpg,58.075602650642395,12.851833999156952
2136e9ccfa444b59b44acd55029f61a8.jpg,47.34481394290924,6.173271685838699
21575b672d2c408989bedceae438abc1.jpg,72.86001920700073,31.24558925628662
2157f5bd14f0457db7319f1d76e3cef1.jpg,54.11519229412079,-8.6721121519804
2163ea4e689e485b871fbf54df0bc127.jpg,50.67196011543274,10.091552585363388
216ce346206b4079aa3af60941481ed3.jpg,57.02337205410004,11.183917745947838
2177e88db6c24098891696ece8ae4421.jpg,39.7594490647316,8.27899619936943
21803127a81f4dd699de2d921b46378f.jpg,78.14381003379822,-16.112745702266693
2195f4bb458542d9b3d12b44ac201b88.jpg,52.10211932659149,8.724069893360138
219e8d5f9e0747748c990d4d981af890.jpg,55.29300928115845,22.558721601963043
21a03d010dd34cc69a2ea4297a2e2822.jpg,57.07645297050476,17.85283014178276
21a4eab84dc844b4961d9e09d9736be6.jpg,48.71305167675018,2.1252013742923737
21bbb80e61de4bb092f66b97dead378f.jpg,55.35145461559296,12.55588173866272
21e85764c320456e8033e432e7e31ff2.jpg,72.30157256126404,-28.392866849899292
22167e719f1a4e25aebbdbb5feb7d7d8.jpg,54.06328618526459,12.209627330303192
22175f77b7144a1ca5bb369c8ab3e6d0.jpg,47.95883059501648,9.515871405601501
22235e7903814fba802fc995d45372e8.jpg,52.1037232875824,14.303115606307983
225604804e6641859beb4dcdab31ff95.jpg,61.397255659103394,13.467465341091156
225809c23a1845498f522b7a5a75b6ce.jpg,50.843127965927124,11.642061173915863
22a7d90cc717411391ed71e638058066.jpg,55.461843609809875,13.745289891958237
22ab90f3bee2441a929353d1c60019ee.jpg,60.427894592285156,16.58768981695175
22ea87bb8fd24a64b8404a20a7ed26a7.jpg,70.00632584095001,-26.5283265709877
2315d5aa814e45af930a0e36abec4bd1.jpg,63.31196665763855,24.364333748817444
232dcd5884b74377a2aa429d8dcc3852.jpg,38.297376930713654,-0.6499944627285004
2337c1ef65c641cba0902cd4ef184f6e.jpg,69.08754050731659,-22.72808700799942
2339f229320a46a28a3f0515bcef9284.jpg,60.44408977031708,20.332117974758148
235ac03ebc6f43059330b3c62eb92d20.jpg,55.74065923690796,10.928210020065308
239edf25f2c34439bc3a64e9ea281288.jpg,56.98780596256256,4.912911728024483
23e7ae8664cc4b7f927a7db74d035603.jpg,44.79444891214371,10.122412741184235
23f1312477ba45908c0f6c15039ee76e.jpg,48.081788420677185,7.441909611225128
244bd3d57f074aff93bf88d1c84b3992.jpg,59.24359202384949,22.345266044139862
2452198c81a442119140d88016211665.jpg,86.37055814266205,28.229871690273285
248916781df64d53955ad438bd22acf8.jpg,64.52722191810608,-20.107477605342865
24c0a6492736429db00c6306c26d1a72.jpg,62.570003271102905,8.669116795063019
24d3dd841cd249dfb5c985f59f1f5889.jpg,60.58802247047424,14.405616223812103
24e1409b8e0446618f0aaaa4eba0f227.jpg,49.5825058221817,10.422055050730705
24e54094be6f4b3f90c463ad53660465.jpg,53.9335960149765,17.458200752735138
24efc35f4d5e4552b3af7a874b47113c.jpg,53.14628183841705,13.005362302064896
251188d6e0a64d28ad706404835579a9.jpg,46.155200600624084,11.980641782283783
253b4b3bf2fd4298a8e7b131c4887251.jpg,50.35888195037842,8.661420866847038
2587c6b1e2c14f8fa8b5f994c67f2064.jpg,53.44992935657501,5.590781047940254
2595e955c6674c3f98c9cfd4d9919779.jpg,57.137730717659,2.9466044157743454
25a09d3b58a849ab9c334ddc6a64e0b5.jpg,51.86518907546997,20.797540247440338
25cc16e6d44e4155bd193a0883170475.jpg,60.290576219558716,9.308341518044472
25d315a1d11049aa9afc05fdd3290580.jpg,53.00023019313812,10.560947209596634
25d8d31c3ebc489aa4145a310aff785a.jpg,65.62339782714844,-11.926614046096802
260d7251c9a54f8b8745b77b44860fd4.jpg,48.04578244686127,-15.57723194360733
263737123f8144f494f958454e143064.jpg,53.77190172672272,11.327556073665619
2638a8f83aec4678a89e6e47d6e16b3a.jpg,40.38206219673157,12.070388495922089
267f8c94f7914761a5e931db24b26026.jpg,58.42628538608551,26.06080949306488
269ccca0c08f4073b7526cd91f6a9e05.jpg,64.70130801200867,18.99496167898178
26adb07275554b6ea77239d6ec36c5b4.jpg,48.91231298446655,8.892927691340446
2729ed269788452296694468ccd76b6e.jpg,45.73064982891083,13.1575146317482
27443e65a26c4b4ba463dffcdc579f13.jpg,65.50790727138519,-29.63475912809372
277525123d754e12a64e328ee554900b.jpg,38.88887643814087,-0.7497183233499527
27810c5f649d4df5adfc36dc79bfcaf4.jpg,47.075015902519226,7.127115502953529
27a45ace757d43b88641440b5961124c.jpg,61.60741209983826,17.800213247537613
27e0a0d63a654e1eaac9013b8b60794e.jpg,63.75509977340698,23.684825599193573
27e6f19057bc4ed3b4ff71ceabef428c.jpg,43.71238946914673,10.91133825480938
2850248701ba430a8542681715b124be.jpg,54.25143778324127,7.620152458548546
285f6de0549f45a8a1f05769c60cb15f.jpg,50.89988350868225,-0.10323755443096161
286d7fc6d97a45d6b72bb622a3e15a65.jpg,56.560959219932556,13.808662444353104
2877198eaf03445d98ca77857ceaad52.jpg,53.70408475399017,4.360072240233421
2880bebe082a446f9cdd06949c8f3a33.jpg,58.734256625175476,16.342114806175232
2885547bfc074bfabdaed95faceae9ca.jpg,58.86941313743591,13.533262610435486
289d64476976478887ef660363f8b7ac.jpg,43.60975742340088,12.342672944068909
28a03acd8e994a3c9710189b61b002bd.jpg,58.15611720085144,11.792690008878708
28b0552babce4f89b32fa4ea61c1a73b.jpg,59.412914514541626,16.12164795398712
28fb1c07040a44e1bebf48ceead873f5.jpg,60.32645344734192,5.7475849986076355
290aecfd1d2c476b9ee1eda10e081cd3.jpg,49.56358551979065,6.25364676117897
290d1e1218434019b0031f72e2b65f6f.jpg,56.40035390853882,4.1292741894721985
29146aa4d1e34b42ac5ab1128cbf6c31.jpg,53.31232666969299,13.353474140167236
292084a2b08b47a2835e9ebb74d0bb63.jpg,48.129955530166626,6.291832700371742
2932311f72ab4bb285b7557a8677c378.jpg,40.91784954071045,3.5729216784238815
29441a6e04484772bcb1ce875a87814e.jpg,44.24930602312088,20.183692574501038
2987ec28f24c4b75999f030df6a95230.jpg,48.5844612121582,-0.06412826478481293
2990d67b71414121bd54e8ef4e8fe8a7.jpg,42.37471282482147,14.210553914308548
29ba09ef3f0842f7924ba952fa364d54.jpg,64.35419797897339,22.128436267375946
29c21ac0e4e84fedbd6956b251efde88.jpg,54.04227375984192,17.598423957824707
2a043b64799449d7a0845ccca0e1a24d.jpg,62.82015144824982,13.230232000350952
2a068fcd54e4479ebbe25d6e81613e17.jpg,50.73958396911621,10.555231422185898
2a324af22f80415bbf0ed3ca20a7e965.jpg,45.93342483043671,2.1643173694610596
2a32fbb0666c426fa9818aac2b918c87.jpg,51.51670038700104,22.107051014900208
2a3fc9652f5044179b4f11220f6c36e2.jpg,58.16185712814331,13.890593200922012
2a6fdf4e2e3344b88056bfc26e547688.jpg,54.618884325027466,3.7064507603645325
2a871c5d0b944d918be271d610e01771.jpg,50.76185703277588,15.521495640277863
2aa0af9c9dec462bb76e055ddd24420d.jpg,46.41964495182037,27.87664085626602
2aae8df62ff24bdb986c8e038e952cdf.jpg,50.09582698345184,3.956625759601593
2ab586b193ea47eebeb61c5f56739c43.jpg,49.40020143985748,26.133883595466614
2acaf7cb8f8c4964bd71eb29ce910945.jpg,50.21728813648224,3.5875947028398514
2ad3437cacbc4533b1feaa7cca32261f.jpg,60.9467089176178,15.238694250583649
2ae787f1ad9a43b38c7146adbaed4a50.jpg,47.00906574726105,9.787361919879913
2aec592e61d7461d929c34c5c998b5cd.jpg,64.57005679607391,11.111238598823547
2afca8fd8e4f420eaea3b5c2fedf228f.jpg,58.44380021095276,13.71167778968811
2afccf833ab6433085b5dc6fcf71c56a.jpg,66.94321095943451,22.532572746276855
2afd5355afe54f8fbede6e5ee12a8318.jpg,47.06674933433533,6.827123165130615
2b2fbf2844c2479bace76066f08b95da.jpg,41.18443429470062,7.09779292345047
2b317e45851d4934a8e58bdbac306669.jpg,60.38583755493164,21.39487624168396
2b87816b3ae14a068a7ec972748a5d32.jpg,41.054376661777496,32.75082886219025
2ba3357dd4b04099a5c487a7b5bc1662.jpg,66.84568047523499,21.389248967170715
2bd4a7a82e544ef1aa4fc87fa2208b65.jpg,52.23020017147064,13.584596067667007
2bee819086c04c35ad18c0e229999df4.jpg,46.89864993095398,13.004738688468933
2c2a9d20711d4d738e088a41d811d5a7.jpg,50.72594225406647,12.241131216287613
2c791b35a4cd43529030ef0896e28193.jpg,55.49049496650696,13.772694021463394
2c884c54af0d41aca461be23a9d6e52d.jpg,38.533199429512024,27.41451233625412
2c978d1496484cd69a196de561a24f21.jpg,55.66096544265747,3.639472648501396
2c9bfa39243d4546aa31d1b1953e1ecf.jpg,54.798189997673035,10.659821480512619
2cb208994887494ebf6e144a5e60db25.jpg,49.541221261024475,13.329693675041199
2cd0f7eadf9443ee94f852445b99a835.jpg,55.614933371543884,10.956703796982765
2d0af4ede54b47909d733b96d89096ad.jpg,44.936678409576416,7.687070891261101
2d1ce3ba851a467cb37ce87096ea1b4a.jpg,46.292502880096436,6.4138054847717285
2d2af55948f14810bed114b93c786518.jpg,50.5835223197937,11.331539154052734
2d6998aa48304015a4e337141c612a98.jpg,60.90975344181061,16.001163125038147
2da122541f9e48d3b7aea66bb4292547.jpg,56.034908294677734,15.442217588424683
2de3dae1776e4cbea09980a6fecff4c0.jpg,44.55944985151291,3.385075181722641
2e0c5d49699449a8bff7ed25538d4554.jpg,48.997907638549805,8.324560225009918
2e26914866984a418552c1ea97193c3e.jpg,47.57010340690613,9.285367727279663
2e3f9e65107740af9d2a48a75caa849c.jpg,59.58102464675903,-1.7434217780828476
2e5524544dcc450ba2cb31d5f0843331.jpg,50.78971982002258,7.453023344278336
2e63f03aab474b7b838b29dcbbf6a988.jpg,59.21213507652283,7.913134843111038
2e92725d03b04a7487463d66be564ebd.jpg,45.35731852054596,7.91982963681221
2e96d96f6eeb4181a196aa3d4f6ddbe3.jpg,57.605159282684326,15.133736729621887
2ea07edf3f0b42e6bc0119658283b282.jpg,53.69918167591095,-5.387217476963997
2eaf19d5265844b39dda10e55ace92ee.jpg,49.33692812919617,13.541091978549957
2eb8ac2b37c044c6a90c2f71a9060a7f.jpg,52.89318323135376,2.6508278399705887
2ed23ed25d534a6897548d6a61a1b2fa.jpg,44.59495157003403,18.514820784330368
2ed6d27e96a647ccb8945009c38d3f11.jpg,46.82391285896301,8.049432635307312
2edb22c2ddbc41b683aa4df5c34f99ea.jpg,58.8935261964798,17.982268184423447
2ee32346f0a941a8ac8a42556854e0ec.jpg,49.47091519832611,11.594195812940598
2f01da10e77241528f9a05bdc8de30d2.jpg,57.42185711860657,-18.620270490646362
2f1589ce03cc437ea048b11c54f26873.jpg,56.514036655426025,-1.161550059914589
2f1c3e30e4dc40a4b03589d8598f045c.jpg,43.240583539009094,6.759164035320282
2f1cb50928ee455c8a1fb8a105bc33f2.jpg,47.44300425052643,23.014820516109467
2f22b4f1aa474a949063e7dff7eba58a.jpg,58.13245475292206,18.320997655391693
2f25f61a67234596a70590c3986df132.jpg,46.141955852508545,10.496299266815186
2f267692df1e4234bc025e8b3bd386d8.jpg,56.26218795776367,15.591502636671066
2f504fa7705141e5a4b86550fca0f698.jpg,57.2662353515625,18.60125094652176
2f5963c4f42348eaa10e22f5d066e18b.jpg,59.73869025707245,15.08310467004776
2f8431a1c1754faeae8e7b606aa90c78.jpg,59.160733222961426,14.22741025686264
2f84da2f2d114f6989b34e5d08a6c865.jpg,48.858357667922974,4.907453432679176
2f9ac6cb2655463c868d2ffd838cbb4a.jpg,56.94131791591644,4.378795400261879
2fa37abd7f1945cdb48a2810af7b0730.jpg,50.71587324142456,7.124057784676552
2fb1ab821d5c481bbfc7217ab1f8eb13.jpg,55.84400475025177,4.935455694794655
2fb6521a5e534e47add6001d55da7b95.jpg,65.01184344291687,16.724402010440826
2fd97725470646bbbdc936455393d932.jpg,55.7903927564621,1.628916934132576
300dc4fced8743d290342cfc562775ec.jpg,70.31287550926208,19.309571385383606
30591fe5c77b4389961129e98210bb67.jpg,60.65595746040344,-16.658693253993988
30928a2cdf52404dbc2674ec315157e2.jpg,61.700860261917114,15.814856886863708
30ab3ceb2f7644adb34f0dcda60dd1ff.jpg,43.91306430101395,16.37961745262146
3102b815995b4facaf370e4eae07f616.jpg,39.69068259000778,9.475722089409828
3104ab976f4a4786a003b45f6e9eb12e.jpg,63.2518744468689,18.92820417881012
310a5cfde2284a03850c4935f4e010b6.jpg,61.56936228275299,18.972997069358826
310d86947b89459c854b167d62ce3e22.jpg,53.682047724723816,13.63704264163971
3118bbf1bf984c1fb9fb9cca9a848ecd.jpg,50.40531098842621,10.884144678711891
311954f2bac04b8589460f0459dda087.jpg,59.836446046829224,-3.1551609188318253
313995e480f244898485f1d59bd29d19.jpg,46.7669802904129,19.276953041553497
314ebb1ff381440c82b14513e627f958.jpg,52.796891927719116,7.031567841768265
315c807d0d8d440f9eea57b15718acbe.jpg,62.17965066432953,22.2347429394722
3171c782ced9444f8f8f0cad6bd7b9a4.jpg,68.23468923568726,32.53567546606064
31784d8ea5594e2dbe3850436592cf83.jpg,50.67061364650726,12.825606018304825
31b36e32073745b2a981cc377db2659a.jpg,49.73594427108765,10.148444920778275
31e371aed9094747803cebbcdcb3445d.jpg,43.602606654167175,3.661903962492943
321a4c216c8a494c85b9a913354411b6.jpg,42.56722033023834,2.9423564672470093
321ed577a5384306b87098bca7f8c845.jpg,59.62500214576721,16.663027703762054
325c794e45444fa49e2115ab5fe646fb.jpg,53.76055061817169,14.244025200605392
32746db235a2458f9c5a42c21dcd1d9f.jpg,60.85323929786682,-9.168563559651375
32797526f2fc48dbbd3ed9b9c18f93f6.jpg,56.494054198265076,-0.18187791109085083
3284376fb1c745ae85b9110d950acdae.jpg,46.20793282985687,2.53553107380867
32851bcf40b040e190b38b48a2d5705b.jpg,46.269328594207764,20.75275406241417
328b1c6a3f9f4a1c8dd26545153c463c.jpg,43.8542515039444,6.001047044992447
32979b4ca4e045cba4a8c55e1450eb10.jpg,54.9750816822052,10.644656270742416
32a313b0091e4e28845867e44a4f1b32.jpg,53.84726107120514,11.806491315364838
32af51dd8a77414d8666d4fccffc9c6f.jpg,56.06378495693207,5.575554147362709
32ec658113f241c793044e472309a2b4.jpg,51.88721537590027,9.649415910243988
334e7143f4fe4da7a9d3fe5d108878f9.jpg,46.738210916519165,11.862637996673584
3381a580701d46e481d83e27eaadb2a8.jpg,49.51996207237244,2.533830553293228
3388d95b00e44efabe38003dad60adea.jpg,49.345988631248474,7.621079161763191
33c55c29ac3642c19e3d13af6fb28fe6.jpg,41.0595828294754,9.338666573166847
33cb74b2224a4f21b0670d5532a9a3e9.jpg,49.096248149871826,13.871668875217438
33d4f66a98214555a32e66ae00a5341d.jpg,49.79420185089111,12.938852906227112
33df7c1f2f014136945177006411f04c.jpg,54.110766649246216,6.070050895214081
33e611d75f7644c5a5622c8a44979069.jpg,51.20007634162903,11.48231953382492
33e913dffc1d4b8fa2a6e0711865557a.jpg,48.963210582733154,25.81564486026764
34035fc75493492c9ea315c50647e3cd.jpg,42.426685988903046,4.043379798531532
34134d9c97d840d2829b1ed9fca95cdc.jpg,45.225369930267334,28.371033668518066
346225243de14ff983bf40e296cc58ef.jpg,49.82822835445404,8.365974202752113
34964527ec694e08af0273f700fcd44d.jpg,44.32971864938736,6.737963855266571
34a5e2c0c8b34f8ca0370733a0ad0a07.jpg,47.83902704715729,9.775293990969658
34aecc44290d46e093b464a783f271dd.jpg,44.66351419687271,5.956660509109497
34c545d46b024fbba2f986cabbaad607.jpg,48.82619261741638,4.6042706072330475
34cc142ba1f64e16b8bc61ffb848f967.jpg,40.73410749435425,10.418431386351585
34dc59a0007f4e3c96f350512df5c04b.jpg,45.34178853034973,22.14393138885498
34fc3e3c8a3448bb861514538bbc348e.jpg,55.677316188812256,8.895217627286911
352a454677984ecdadd48c76284b583f.jpg,56.61323010921478,18.096823990345
354e7739832945aa8ecfaaa98c20cd99.jpg,50.25597631931305,12.874762862920761
3550241b32cf4ddfad9a9d6384fe5db2.jpg,48.15607488155365,8.768600597977638
355e1e1c141d477d93b9d1d5b606f802.jpg,60.755236744880676,14.672089666128159
3575a113bc4540af80316b78d237975e.jpg,46.0293835401535,10.361083745956421
3578f4b6f25c4fa3bf993e70fed63809.jpg,49.808862805366516,14.822511970996857
3594026be20046ffaa9c763ed9445e67.jpg,63.87431859970093,3.359033614397049
35cc967d772f432994f31bbd7bf490bb.jpg,50.58099567890167,6.5634700655937195
35f311bb1af04cd09310fb41e1a7dfd6.jpg,57.66694664955139,18.60575705766678
36063aa6cb1f41a8bc28b79ab3f8ef2a.jpg,49.10320043563843,3.7606360763311386
365a0fc10f054134adab2a036490c1cf.jpg,64.67230796813965,-7.693988308310509
365f4dc6d3dc47768679dd50293ff870.jpg,70.79581260681152,17.525368630886078
36879b954ed444968162268ad64ae009.jpg,53.05739879608154,15.293067991733551
368c6a8855a343a99c433ce261c78df6.jpg,49.9522590637207,7.100607231259346
36a8b9dd5a4242d3b00e4da275027c81.jpg,54.12064790725708,14.076554775238037
36bb109a1044404a9d7f40c7ec97e59f.jpg,51.964720487594604,13.597985655069351
36bfee1df800428a8f62f3d527f44fc1.jpg,60.069637298583984,0.8052340149879456
36cc955aca494856bec40326e43f533d.jpg,45.122458934783936,-0.36102332174777985
36d28a7718714d7f8f78bf4c0cbf5b58.jpg,50.59705138206482,12.603977769613266
36e695345ea04536b11c2d6409cfebd1.jpg,55.416197776794434,9.858656376600266
36f013b2c32f4474a340d03a73af2c82.jpg,55.22744536399841,13.466564118862152
36f1af6d0ff74d6885f109e3ca3651df.jpg,41.10682725906372,11.59380555152893
371c7db991e749b2928ffc699ea6c551.jpg,55.142526626586914,11.803261935710907
37448e42dc1d46d3ae102ca61af2896e.jpg,68.51218521595001,-28.831171989440918
37660ce4511b4602a0bec2bcaddcb32b.jpg,56.740758419036865,-2.5842124968767166
37aa25c0753149dbaa1e0b161f54af5f.jpg,53.95215153694153,25.572357773780823
37be27bfae9b42f9aa21d2db49ff7cf1.jpg,63.485387563705444,-22.03282356262207
37edc91a53324aefb5382f2e6eef2d0e.jpg,45.21231830120087,10.149435997009277
38004884446a4cea8d6c0b273c598ed5.jpg,48.397870659828186,7.227027118206024
381e9e459d4e4083ad19fe34af681c18.jpg,46.18628203868866,12.907556891441345
38674c660eff4d3699b87f44fa9cc638.jpg,40.37476658821106,11.985106319189072
38872ba0ee4b4e2e8be4c991fd2967a3.jpg,57.55711555480957,13.638200014829636
38be4db78813410e9a24b977768bd86c.jpg,51.03329658508301,12.718238532543182
38ced0809cbf4880b616006d7dcdce3c.jpg,43.31653296947479,14.10932868719101
38d5f01e0d0547a78112f4948659d460.jpg,63.419732451438904,20.86380958557129
392a81de193747c59bdee8185ec6f386.jpg,52.05802381038666,12.53685548901558
392f07a1dc954bccb4ef009b0c8676ac.jpg,53.42777967453003,6.119365990161896
393e5259ecb3436c8d9c7e350b54a914.jpg,49.31380748748779,6.334575712680817
394f5f3609fe4f369943d221c00aa7ba.jpg,58.41506838798523,13.137863427400589
3961b2b157d24665aae22d3862b8fa44.jpg,57.05243110656738,15.847676396369934
396b7a2c276f486f9102adb9c23ef5c6.jpg,41.99603050947189,10.663925260305405
3973c1c83b8a4a1fa026dc5600f3a6af.jpg,56.20780885219574,13.934845626354218
39801628670b4e8b84a0a02d387e09c0.jpg,53.22399079799652,23.285230100154877
3994e905b8c648f0ba30273a46525083.jpg,52.3348867893219,16.870249807834625
39991856e47142969b9b6210b239cef3.jpg,44.592604637145996,15.125824213027954
39a60a6fcaa54f9aa86cfb0012c27789.jpg,54.42295432090759,-4.480995610356331
39b1ea2b4e2e4e94a47d66017ccc9760.jpg,51.460840702056885,8.026653975248337
39b3e32ba5ff4e86abaa7afe6cd203df.jpg,49.69991147518158,3.7000422924757004
3a1d52256ef64f2d97632bed7459117f.jpg,48.382195830345154,22.366949021816254
3a28ebbd9af24b09b1224aace7a03f4c.jpg,50.4023015499115,5.42609978467226
3a2dbc40a4d0445c95edcfaaf1d68c25.jpg,54.85025703907013,10.143716186285019
3a3c74c0f6744b43ae243ba46bfd81b7.jpg,54.16729152202606,0.9961945563554764
3a486e1f2a93468da40ce760d897b105.jpg,42.083411514759064,1.780679002404213
3a5676708f004eaca7a0f90aff810d6e.jpg,55.498782992362976,9.206128567457199
3a6b6d61e31948cc9d95cfa1128afb35.jpg,53.24798583984375,12.46972918510437
3a7a398fb3074d72974703ce3365122c.jpg,45.40053963661194,11.99927642941475
3aead48f4bb948faa62afeaf24b575a4.jpg,49.914541840553284,5.0392719358205795
3aed715b6fb0434ea64a13a52303a79e.jpg,64.07862782478333,-3.3583811670541763
3af25a54421741b6a523aff5ee6d5f86.jpg,59.045146107673645,0.3605525940656662
3b10666bc23c4b2193b7aba423a3a868.jpg,65.02199292182922,17.63109862804413
3b10a76a78ff432caee6781dd83c4d30.jpg,61.844149231910706,7.869662940502167
3b21fad186c84a6282b4c2075060717b.jpg,57.284104228019714,14.851965308189392
3b29b9e6bfcd4c7695d4ef5dca96e98e.jpg,57.27231323719025,-11.564454138278961
3b4493b553f148ff9ef2c374a43b15dc.jpg,68.94317328929901,-26.70336216688156
3b8df2e9f89044feb21b97a1312fdb3e.jpg,49.9028205871582,0.25981150567531586
3bab5ebf68eb4bcaa227eaffd40b27ff.jpg,48.92620146274567,5.453896187245846
3bb406e1d11a41f390e770a63b67a442.jpg,59.728578329086304,16.86622381210327
3bbc281c4b3d469e88f51e1163df99d2.jpg,43.20599377155304,6.318605840206146
3be155bf0af947ed99799c8c1c9e1ab1.jpg,62.02801465988159,15.136488676071167
3beec5eb5c9547689cf27ac8ccc70aa0.jpg,59.57456588745117,13.832961916923523
3c34487e59ff4d89a2158fefd90d5b9a.jpg,57.7916157245636,-2.0951975136995316
3c36ae9d4cd84d48ba5bc91f31bc6933.jpg,54.08045768737793,18.36888313293457
3c5ce502c6554075863ec063607f7962.jpg,55.317787528038025,19.53377455472946
3c5de253445949689fb98ab68cfc9b23.jpg,54.04468238353729,10.806772336363792
3c6b9b7c0b394a66921a66da900208c7.jpg,55.19423961639404,14.193535298109055
3c73bcc51d0e4e19a8b3d3c8a80adece.jpg,47.5330513715744,8.53704147040844
3c9e78462eda4e9a96327ba6d1ac0ba8.jpg,47.61974573135376,10.470181256532669
3cee0248dbea47c58b07866dafc82540.jpg,60.98836898803711,12.349508553743362
3cef19e51af84816b7a825f537b9811d.jpg,46.488019824028015,7.634853646159172
3cfa30ca513a4816a6f2c1cb22d3786b.jpg,46.04992926120758,10.391345769166946
3d0f39d0912241c6a512d943cc51b21a.jpg,43.35410535335541,3.118821680545807
3d213e7d0c6d4791a5e9dab7deb50827.jpg,45.7574987411499,6.297868341207504
3d895af1abb44c86963fbdfd33386ea0.jpg,57.66321301460266,13.242639899253845
3dadb8e23651404ba0a171f482e300d8.jpg,53.820422887802124,10.132407993078232
3dcdab8ca3a642bea13f6b727798b917.jpg,45.90992331504822,14.168719500303268
3e00030c1e514a659269e0ff71ece70c.jpg,39.70604628324509,1.3634640723466873
3e39905f9ff4466f94b0598088763514.jpg,51.766730546951294,12.355481833219528
3e6b00e17b704b03b248b88dbc702032.jpg,51.48641288280487,12.358166724443436
3e88d9be936c4c36ae429ed5687d5041.jpg,53.924986124038696,15.58614894747734
3e8d7a50e5bb4a6bbc123687909e2199.jpg,40.614177882671356,13.33994910120964
3ebeb485c82f40e2a30ddd2b10e92d57.jpg,59.12709832191467,14.125273078680038
3ee1f8f7ca5d4ae5be6e355db16dad7c.jpg,49.156254529953,35.47003895044327
3ee7d22323ba48398a564d34c070beba.jpg,56.52308106422424,15.986417680978775
3eff62513ef14e7e8d5c9ff721582bd6.jpg,49.024896025657654,11.45151972770691
3f04f3acdb2c44609021b32b5ea41052.jpg,48.82627308368683,8.692698776721954
3f26d176b1a04cf9937b233a81b21290.jpg,58.208967447280884,-4.962012246251106
3f385e329e3943ffaa364a904406f3f6.jpg,53.38873744010925,0.374077633023262
3f3c50372781473a993be27b7e843c53.jpg,64.50263679027557,16.000797003507614
3f4e06bfa7364cc0b239db7eb6e0b1ec.jpg,48.5586154460907,7.20821812748909
3f55b9b51b7141f584254180fba6719b.jpg,45.61673641204834,10.6496512144804
3f8592d88d8040ba8d01a36dfc22a00b.jpg,49.2121946811676,11.729894131422043
3fa97c24904c432e854237553ab14c85.jpg,52.14611828327179,19.005151391029358
3feafde4a3394553b48a30dfd1f273ad.jpg,59.318790435791016,23.238160014152527
3ff03d0f5fee48108e07ecd3a9fcb4ec.jpg,45.949453711509705,5.708314776420593
400c1300f38d47a1b2a45ea55e336124.jpg,43.468150198459625,2.5726689398288727
40430f5445084c0d8d9a19991738eaa3.jpg,53.91643524169922,14.130911082029343
40734bf1db144e118df8906f348a366f.jpg,48.9288729429245,7.742182239890099
40875e6e08444091a670d925a4563b7f.jpg,52.18089580535889,6.256865411996841
40bf40bbd33c46ea81d45b7cb8d4160f.jpg,64.16206061840057,16.666104197502136
40bfb7970065497dbe1a26aaffb90614.jpg,47.14788615703583,7.384506314992905
40d010d74c504885bba8fd2b86383f18.jpg,58.75680327415466,14.437125474214554
40d2298544fb4b788ede355edc2f2d7a.jpg,51.69564664363861,11.421060562133789
40e4fdf99b7846d09244ec6063428fec.jpg,60.099581480026245,19.176456034183502
4101849c560b4ea6a2f96f5997d71fc2.jpg,48.81680488586426,7.530456036329269
41315894e72e484d951302780e14e6b8.jpg,43.63546907901764,12.932146042585373
41663fabdf9d4162bd87691d41ce99b1.jpg,55.42921185493469,18.22932779788971
418c43ff09c64d648cd7bc7dde5372ac.jpg,63.58966112136841,-0.32315321266651154
424d4bf3f0c04971a89a1b101d8abd89.jpg,38.74921917915344,22.57900983095169
42647b66082d4c0ba4174b4b24f7244b.jpg,50.89661657810211,10.192392244935036
4264b35af42b47b6bb344f3a235d0b14.jpg,55.44978439807892,17.784940749406815
426807823b2c4a56a3ce4adbfc74c5c5.jpg,54.31565523147583,13.006979674100876
426ce003f51d41d5b696ad5d441d0157.jpg,47.285816073417664,4.616705998778343
428b6b9d05144a58b0f7e94739ccf22c.jpg,53.188451528549194,-0.5241237580776215
4299c0bd3def41e1b1c43eae53ce5bff.jpg,57.60059952735901,-1.7535162717103958
42cabb73913346aca3ae612cf38eb389.jpg,45.28216302394867,13.955214321613312
42d41309baac414b92ec95bf42742b45.jpg,49.52064335346222,30.69420486688614
42e73fad090f45f5bc768bec775f6b0c.jpg,49.325501918792725,10.299539789557457
42f0fa948f3d4df786bc3a87e16dc6c8.jpg,52.398932576179504,12.748701721429825
42f1686e306a4cd799f08da48ea0365e.jpg,64.33850169181824,6.156414672732353
43133178965d47adab0fd7ba59522142.jpg,44.52691733837128,13.656542301177979
431e6fbd2fe0432286a748c4a9ee62d2.jpg,54.340004324913025,15.780175924301147
434f3f7fb89e479a8c8c5d40139fcac6.jpg,52.99937188625336,10.640007331967354
435d96de5ea84adb90f89fcdd275327c.jpg,53.45852315425873,11.864291578531265
43687fb7c3054296aa32f07532887e7a.jpg,52.24148154258728,7.306852340698242
438307a4048745c4a91e2f8dc0fbd131.jpg,52.16914236545563,12.034570276737213
4392284d20824975bd07bb802f1df2f3.jpg,38.40803951025009,16.313627064228058
4398aeb5544148bca8c7b7c3d27e08db.jpg,50.4694265127182,11.541396528482437
43fe1a796fc545f4bb50e9a064a0018c.jpg,54.49101269245148,29.85324114561081
4428f961b3d54cc1a9d4188b8d987b05.jpg,52.01708257198334,13.243570625782013
4474aa4589364236ab81462c8bd5ca6a.jpg,55.54859161376953,14.446970522403717
447624250bd84af9899c45a6d323babc.jpg,51.5335875749588,13.350089192390442
449824ff732b47b1883c839b4d2584e3.jpg,59.17212724685669,15.89334100484848
44e1e6a9b8bd4ee18220a5860786086c.jpg,66.04316353797913,19.7299861907959
459052cfe54d427ba3398a9f06513a53.jpg,47.47695565223694,9.375206977128983
45dcb8df7aeb4f7d9ee274c91fb938f6.jpg,65.26157319545746,23.662190437316895
45de9fbb3d2a4c99a09324075cab043c.jpg,43.539325296878815,10.579510778188705
45e4ca62f1a34f49a92d1f3f5be7c36f.jpg,57.46352255344391,-8.649537339806557
461adcdfdcf444559b88e9aca1e67489.jpg,48.73628497123718,10.681718364357948
461e9acbe3e34e0cafbe745494144c0f.jpg,55.016945600509644,7.957306131720543
4637984a47704eb98abd05b7ba55084c.jpg,70.97069263458252,-31.93185657262802
4641ea4452b34f63be7ca02114342186.jpg,42.99199640750885,10.333423465490341
464dab35abc64272b788ce814c186c92.jpg,61.24509930610657,19.233345687389374
466380f0cbf5429f9f101c338628b8b4.jpg,57.7651584148407,12.575840055942535
46717acde5ab4fb0921643e05840671b.jpg,58.901320695877075,16.056341528892517
467ad64ffdb64feeaa18ce21afaab8a9.jpg,49.820117354393005,3.2349955290555954
46a40e9f91174e6190ff3a9de63f8117.jpg,55.5361944437027,15.476826131343842
46b696a343dd456aa0b267ff3be68bac.jpg,69.45955753326416,15.552111715078354
46b772e0752a4693b0a33ad6755d476b.jpg,48.79208028316498,10.121192336082458
46df2e1763604900961ff92e5ff7be39.jpg,53.42481851577759,10.380931422114372
46e223b5e5c64a5e804be402d3ef36ec.jpg,64.77710723876953,-25.70250391960144
46e2ebfb48cc4e1294ceefe601d5c900.jpg,43.28858703374863,5.099796652793884
46efc9eb07d940bfae75edfa3cd88d07.jpg,49.79071497917175,15.506976842880249
46fab40df4444c72b89fa9864411f949.jpg,49.30188775062561,1.5360749512910843
470f46b43f894386b19de60a88fcc2aa.jpg,41.731602251529694,7.67662838101387
4719ff19efe44cfca2711f156319efb9.jpg,53.81328821182251,11.137985587120056
471b6b5a9d284a61b22a5274c0f9b8ac.jpg,48.615403175354004,10.459689795970917
471eef23b8c94ac990250515a4a95093.jpg,48.216344118118286,7.519784867763519
4741da1944c846aab6419a35ee57e1aa.jpg,62.845680713653564,15.235829651355743
47828953bbd142c7ac8d00b0707a7312.jpg,53.149516582489014,12.421198636293411
4785a464d1c34a92b6fc4cd65b24411d.jpg,65.03461003303528,-13.600835502147675
47934186e459450b880e11160e8ae18b.jpg,54.0118145942688,13.585626035928726
47a0590f61b940c2b01b6ab670c6119b.jpg,47.029595375061035,15.297284424304962
47a54a3c7fae4aaaa609c790c9f0d3a2.jpg,59.43025231361389,17.645059525966644
47c8fabd5b6f4a14a17b7bf6bed5aea7.jpg,49.829381704330444,12.267262637615204
47e86b0904494b8bb5a383e940d823dc.jpg,57.540528774261475,13.208599984645844
47ec3501c3624669bb9805edf194ce9f.jpg,48.79130780696869,7.25766196846962
480749c6aa2b467b877b181e28c57ee3.jpg,47.95835316181183,7.942865788936615
482ba6a89d184d60bc992b558bda29a8.jpg,48.52259874343872,15.020778179168701
4838fba30f1f413897f3e4b7399c1c04.jpg,50.38327932357788,4.926673136651516
483efaedac404ead9394edddfbe621c6.jpg,49.192147850990295,5.443732962012291
48b50c4cb44d437486d65fbaab13bf76.jpg,65.48282325267792,21.561521887779236
48cc426c9ec5492a88a9e4e1469fc999.jpg,54.60112273693085,-4.344795718789101
48d4e60fc51e4956b0a6580f173567aa.jpg,42.80478358268738,7.344035133719444
48d7648d07d04bb1872e373930069f8f.jpg,53.594403862953186,7.742180228233337
48e72dbc1f6d4b00b7a8eee27b3d87cc.jpg,62.34533607959747,-3.642083778977394
49038d155d124c22b4eec5bfe8ec4270.jpg,47.54279851913452,8.553992360830307
490f0e205c6344c5a53aed56e1885f67.jpg,48.19374918937683,3.42033214867115
49204960fb0948a9a6d06609a3e5d9b5.jpg,54.04107213020325,10.255352407693863
493880a90d5048f5ab15a4e152bca08a.jpg,49.51745688915253,13.648883253335953
494d0f4a7cc242cb8ebb5b61284e5bde.jpg,43.37300956249237,5.7375964522361755
494d8785a59749efa38732af2a5165a8.jpg,48.14462184906006,5.15161357820034
49571bd8f3554fe0aa0ce66f824c67c0.jpg,53.768350481987,-1.7660623043775558
495f9e7dcac54734b6cb1a0e4acd7866.jpg,42.040930688381195,5.68967878818512
496a1ee345b44614b336a3433a9840ab.jpg,48.73430550098419,20.737354159355164
49c92e107bab45a68d1de881aac45559.jpg,58.12586188316345,11.350675374269485
49ed97d7c57c485e9a515a4e19f95207.jpg,49.67800855636597,11.02542869746685
4a0698f479bd42c3b5a6fda3eee168fb.jpg,58.49699378013611,-4.673991277813911
4a12e8f011ff4251bec9ab0e8dca37b1.jpg,61.032400131225586,16.313439309597015
4a2ca3c02f614d86bf938cf40ec46190.jpg,47.92144596576691,10.621779039502144
4a597546eff94bf19fd83cbb38bd48f4.jpg,43.881913125514984,10.281163305044174
4a63c0a7d63348428c544bd319517686.jpg,54.54238772392273,12.765744477510452
4a7cefe87c8b47d1b8d6ea9c4b327d6c.jpg,47.40557134151459,4.768890514969826
4a9fcd8d707242d0b493a73462cdd331.jpg,41.377008855342865,8.448196649551392
4ac4907e44a3464c81ecb050eb193844.jpg,54.89344596862793,12.556647509336472
4af199ef0e234b088276783b7be07f2c.jpg,57.00203239917755,-9.407694563269615
4afe1c8b99a24e96b041e6860a97c729.jpg,57.705570459365845,14.709419310092926
4b040d12e13d4c45a5707ba6d47f4285.jpg,54.09870743751526,13.041730374097824
4b251a782f594155af32db2b5b59b3da.jpg,43.221373558044434,3.8859160244464874
4b365300602e4198aad80eccea256ea8.jpg,56.73957824707031,12.841081023216248
4b401b51c7784c80843aa8f6207728ef.jpg,40.90233027935028,13.200926184654236
4b446c83a662444c81fda141695258e0.jpg,53.16705286502838,19.34530645608902
4b46134366884118b98a9c9080388c88.jpg,54.305564761161804,11.31223663687706
4b547f4591bd49e99cffe70ffb8ba4f1.jpg,65.40853142738342,15.662308931350708
4b6af62dcc704972ad376f867aa37979.jpg,57.596721053123474,12.698419690132141
4b8b0014f6354264ab32540a10c3d8e3.jpg,56.36008322238922,5.682769417762756
4bcaf4b3f8b64d6695f0cec37ace7bf8.jpg,40.98366558551788,9.963096231222153
4bd03c53cfc44fa4998329530f3108c2.jpg,53.29324007034302,-0.7619257271289825
4c05685f454f486bb8169de5ae685652.jpg,49.46091592311859,11.674452871084213
4c06f705a17c4f20acf01e5a31779388.jpg,40.61888247728348,21.139909476041794
4c18fbbbe31f46c68ea573ca6cebb240.jpg,51.98777139186859,19.063813984394073
4c1ffccf4c0245438cac1346e051e9a3.jpg,53.097819685935974,12.211156189441681
4c55ff2937e64d8c9fa665e4c7768c83.jpg,56.51135444641113,14.573552012443542
4c6b5d445c2742149cc4f18e96e076db.jpg,56.34829759597778,17.068145871162415
4c737bc1bb524231a7a1c0ddea86b379.jpg,46.72911286354065,8.181235045194626
4c91c2f656b44fe986234efca92ef3af.jpg,54.31683003902435,7.609815895557404
4cbc74ca253a41099bc3c71e77aa4c33.jpg,61.33463144302368,17.033717036247253
4cbe4982014c464ca09a61f6965803f0.jpg,57.28951692581177,13.05691972374916
4ce91b93e6704d00a2a91377b56f8d7d.jpg,60.004969239234924,12.60931670665741
4cebd278f470458ca0405fb6eb9078ad.jpg,52.41709113121033,9.709324389696121
4cf8866dcdcb4eb5afcfa8df1e561a0b.jpg,58.58986794948578,-0.8305064588785172
4cfc269120f74466a3104dadc3674ade.jpg,51.70793116092682,13.848022520542145
4d01ed0a72ce437abf35e6b38acd2eb2.jpg,48.662781715393066,10.81535741686821
4d18d1ab43b749489155baa290d78318.jpg,53.09548079967499,16.70842006802559
4d21bb8e42e74b0792be0c63a1337e2c.jpg,60.02183496952057,23.677074015140533
4d3656c4db384d04a6d5d10fd984af34.jpg,53.729522824287415,11.26910537481308
4d3e57d34421418c97dcf4c9306b00ae.jpg,71.61397755146027,-21.665725708007812
4d4a388a711d42b29254d8bb9de44619.jpg,64.66354250907898,22.454598248004913
4d55a913a2944764b1ddc54915bdc6ee.jpg,45.699761509895325,8.45127448439598
4d7d0d740b2c41a39b9323d77622a1de.jpg,50.949246883392334,-3.4951577335596085
4d8d1539b58a4ad2bf34fc4542143559.jpg,52.52789318561554,15.943093299865723
4d973e49af3642278db9d9f5461c853f.jpg,54.551512598991394,13.27044501900673
4d993eece8e74f3bb3d444371f233f7b.jpg,50.70864200592041,8.949789851903915
4e163aa3949b4c119dae3839bf8b262a.jpg,61.17816746234894,-0.8426179736852646
4e23ea02049d4e7abba50f6df36b8e00.jpg,47.55786180496216,10.260449945926666
4e59f30092e5473aab391ecbc4b864bf.jpg,52.34806716442108,18.911700546741486
4e5b8e276ddb4c3e9771bdb5ec45ec3d.jpg,46.60081207752228,29.299515187740326
4e79734c7d7b4f8fad01169e51f975ac.jpg,43.80309909582138,6.592855006456375
4e7b2009801641b5b4d461b566ec8c2c.jpg,54.96633231639862,1.2519968301057816
4e7c64cc750942c09190f11aadc7f38e.jpg,56.125271916389465,12.603957653045654
4e9acefbb4a1438d9d6befbdb02558cb.jpg,51.14727973937988,6.310930699110031
4eace20174464bec8776706fa10f694d.jpg,53.770490884780884,11.678948253393173
4ec5977602574c3486d96c2dbe4ecd8c.jpg,63.56686234474182,13.88160914182663
4efbdb5dfa3f4faca312dc14377ad428.jpg,52.08219051361084,24.683586359024048
4f4b1488a514490f9bb4fde0dd41a569.jpg,44.9324968457222,7.783680707216263
4f55ceb1e04c432aa9dbcbcb78a403dd.jpg,60.13583421707153,15.250969380140305
4f925cc05fd044418d2c3760e04ad34f.jpg,54.627885818481445,12.5473952293396
4f9d7ecae1004e178a363ff7cf148329.jpg,53.97079288959503,6.5369027853012085
4fade7bad7ad495dae2c415b9fc38b2b.jpg,62.26446747779846,15.345236957073212
4ffc082107ff48eebae657fe2a57f50e.jpg,50.97473323345184,12.102208882570267
4ffef0d9a0f748e4b2bfec82a7462941.jpg,40.561925768852234,18.648380041122437
50241e6ff5f2494499c9c28273297523.jpg,51.1497688293457,12.3895163834095
5029620cbe424a0e88c51f263fa97641.jpg,49.92579102516174,4.726714789867401
503c630a9f5d45d786288e53aa47fbaf.jpg,42.50848799943924,11.83883473277092
504c01fbd7f948bab5d036754be081ca.jpg,65.92216372489929,24.753648340702057
504f6815183240e3ad017fe00c6f29cc.jpg,61.07091665267944,1.366705521941185
5094ca9feb70448ebe7df5dbd662b0be.jpg,42.29793190956116,19.05216783285141
50992286a9cf42d280ba3332f4c093ac.jpg,53.134925365448,3.5752538591623306
50a162a4beee467e89639ea08fed64a2.jpg,53.496530055999756,12.646194398403168
50b3839e172749ee88a791027ba8f520.jpg,53.46378028392792,-0.5005732923746109
50ca36cc74db48af974567c4835784d2.jpg,50.00095725059509,13.585785627365112
50d2cfe5179448ecbd601e3f7acea50f.jpg,49.02153789997101,10.553546324372292
50e6065331ad4dde83bd7b1c354a9e9e.jpg,51.8309211730957,-3.3964497596025467
510133b836944f829e57b184cea115cf.jpg,51.71159505844116,13.574941456317902
5124fddabc2d4731bd68a5aafc5b0ef7.jpg,53.44120681285858,13.10226246714592
512793eea9344579b442fbb5a821bdae.jpg,66.66532874107361,-17.058162689208984
512f9f14668d4260b650bd87b710d413.jpg,58.9279979467392,14.002037644386292
515cc657eb2b493abce630125c32f149.jpg,41.982978880405426,28.80812644958496
51791d443f3443ec82562488cffb207b.jpg,44.099622666835785,6.567404866218567
51969c8fda3a4dfcaf8383444db364ba.jpg,66.79705202579498,22.637530267238617
51c4a5842d084831a6c9a34b8ba8cda4.jpg,46.614089012145996,1.2833384424448013
51caabf347744f5e85dd064e6f396bec.jpg,53.30050349235535,6.3076188415288925
51d32f2c273d46db9389b388f2d3e2fa.jpg,68.39584171772003,-25.795096457004547
51f7ec390bde43f59796f6fa039102c1.jpg,52.73460030555725,21.90335601568222
51fe37bb132545b5bccbd4fc60ea2ef3.jpg,52.37633764743805,11.974657773971558
51ff73ca1a1c423f97299899ea8ce848.jpg,43.36421459913254,5.786808952689171
522c4f5f6eec4e56b1c68e18bd6adeb2.jpg,51.78105354309082,8.63202452659607
523be50dae824254b39b7048252d56bd.jpg,53.306280970573425,15.47685831785202
52432de5025e45389300a4c0c5b138dc.jpg,54.89569902420044,10.95848947763443
524ef20afd9e41298e540bf8b155edca.jpg,45.52739202976227,9.340181350708008
5290900dd6514bb78e6bffd53b69c72b.jpg,52.31886863708496,12.946265190839767
52b6bfdef2e0423ea7722ed5796ea1bf.jpg,52.16963589191437,19.48275625705719
52cc25d4436d49c3b8f4c3de293fba6f.jpg,48.58128011226654,0.9175307303667068
52d03a067ba8442d9cb4e4ac294234b2.jpg,68.991978764534,21.455950140953064
52d59491884846c3986cb387732c38df.jpg,59.18908417224884,7.9820045828819275
52e821a14e9549cfa4c34fdebed19753.jpg,58.72924089431763,11.468630880117416
52fee049639146acb99daa70c7464af8.jpg,62.73447632789612,20.168988704681396
53277bf946354df59738b99a7cde3ea6.jpg,55.691306591033936,16.45566612482071
53423efa9b5f44f09d8e179c92584f3f.jpg,37.65424758195877,18.177349269390106
536c56934367455193aff3fc88bb7d98.jpg,45.816829204559326,25.079579651355743
5389c14346cd4a43b8b7d54abe4e0d23.jpg,48.61080050468445,15.162799805402756
53b2e1598f9643fab259313192155544.jpg,61.05235576629639,-16.80897206068039
53ef513c3f3c4d94a71b55d9a40f1afc.jpg,44.33283269405365,23.65779161453247
53fea3efce53420ba05f9dbd24c68183.jpg,45.88333189487457,15.358627885580063
5400824d6a7a42f2942cb464134856a4.jpg,50.380693674087524,10.579962730407715
540e939b33074ab0955e8118909e7617.jpg,65.90270698070526,13.455797731876373
541bed262cfd460aa38c8054c4a5b479.jpg,46.51962697505951,10.333992764353752
542c34ab6ede42c8892df429d9d9b718.jpg,43.21395993232727,16.486484706401825
543b212e8cbd40fd9fd78fd5896bbc5c.jpg,61.683645844459534,17.846206426620483
544c56c84d764004bba389586c926afd.jpg,48.894256353378296,9.185246899724007
545539d570f24516a88fc6ca80bb2fb6.jpg,54.94409143924713,14.22199085354805
5470e186bd2b48238de1ce85e67a6b5c.jpg,53.81902813911438,8.398216366767883
5474bcf406d74205a9dfe3b671745aac.jpg,53.05471122264862,6.693966910243034
54805a669e5d4e5bbd6f172aa49db9d6.jpg,47.163426876068115,17.788544297218323
549aa2de2ce845c0ae008ca26e33f306.jpg,47.8813362121582,8.795352950692177
549c88b6a1a140fb92260a09d87b6c73.jpg,45.60046076774597,29.57306295633316
54a469bf6eff4d0988640ecabc664af9.jpg,59.898582100868225,16.583296358585358
54c2da7a1d8b415f979e0c2485bb34d4.jpg,61.23197257518768,16.48999035358429
54c85c20a49d464c85de9b6d5c3e3781.jpg,55.4639732837677,13.800489753484726
54dc38e977414ba6a9bf537c9b482025.jpg,67.82419323921204,-3.004711791872978
550ba3daafa544a4ae18dc77b4a1634e.jpg,45.40047526359558,14.946601688861847
550c39e0db6542c08f6147ff8074fc1d.jpg,66.02483332157135,19.77685511112213
5512db21f1014bcabb4213788ddf7439.jpg,50.29383838176727,9.258408173918724
5524ed281e58448ea145289bc0b5fd92.jpg,62.605183124542236,23.59899491071701
553541dba38042098a824e9189bad4bb.jpg,51.40757203102112,-9.670151397585869
553a3af4973145b88d57cf21aa54b27a.jpg,47.26911127567291,7.992547005414963
554c45972eb94f7289cd6841403dc5bf.jpg,71.5859591960907,20.39022132754326
55516d362cba4e4784b2c8db7428eed8.jpg,57.18955636024475,11.31917953491211
5597e178d2c7411aa44c2e6ef3af3eee.jpg,60.87874174118042,20.15498086810112
55a653ec50be4a209c1cce38e463f3ac.jpg,50.78829824924469,-2.775714173913002
55ad0e0cab7542e88a370e2ec1e14379.jpg,68.09423267841339,-31.88265949487686
55b24a68c5f14c559ffeb5c218ae7499.jpg,54.98424410820007,19.677519500255585
55c1ca2f4db649b693000c26706327b5.jpg,54.44079101085663,5.8828675746917725
55e59a78082d4275b03c8414f11d9b8c.jpg,55.54657995700836,2.506369426846504
55ed8c4566d843c4b7d5933757fefaaf.jpg,64.97620224952698,15.609682649374008
5601fe8177884ec1a666864437421f1b.jpg,53.94391179084778,11.505020409822464
5607fc79dbe24f2aba2009ee568ee8e1.jpg,54.04247760772705,14.955003708600998
5651fc5024124c88ab9694fa5f04f77c.jpg,42.702489495277405,1.696181371808052
567db9038cef4adf99fbc6f356c7c3c2.jpg,50.462291836738586,4.051256105303764
56fbed0a45d64adbb869ddbf35d4acdf.jpg,50.20408630371094,11.240521743893623
570146a5f1bd4627a6bee5f1fd601bf7.jpg,59.08244490623474,12.675704061985016
570cc468093248bd9cc5e5d121427315.jpg,55.013887882232666,7.048210948705673
57782fcecef3496395f6602592dc0721.jpg,42.18328356742859,11.941722929477692
5786dc3669e34bbd8843f04bb61bcbbd.jpg,57.65471577644348,17.360560297966003
57933ad7c23b48f7bbd073a1d0745433.jpg,45.7510507106781,22.26007640361786
57937042c1624cb9931b9a4e7f66e02f.jpg,72.3879611492157,26.69467180967331
57ee5e757108428f9e339bb10f351f41.jpg,64.8803722858429,18.83255660533905
583af2a4bd6f4b80bf3ab24790a5cc7c.jpg,53.08390974998474,11.834504306316376
5841297a69ca49319d5be116cba1f455.jpg,58.95382761955261,14.639187008142471
5869b14499484b3eb139696543c3472e.jpg,54.06523883342743,15.208731293678284
5879b473866040f89405bfcab395d7b8.jpg,54.340224266052246,13.465032577514648
587cd5f2988d48aa80d326a2f44bda90.jpg,46.16363346576691,11.141224354505539
58c1b4bb7c514d3ab978fcb94b5d23f7.jpg,44.16590005159378,9.860501736402512
58d03dc33c5c41b3b1a0c1924271d2ff.jpg,56.56227350234985,14.593537151813507
58f1dffab7d4428ba1ffb185369053f0.jpg,53.5284161567688,9.598609507083893
58f6edf518fd400f845cbf6d6ebb961c.jpg,42.812620997428894,16.215198040008545
58ff506a69c34179a4b467f6250e05f2.jpg,58.55819642543793,15.820122063159943
59251dc2118e413384bd2ecd1fc5263d.jpg,49.17055070400238,9.921010360121727
592655ba8cd14d3e91ef9afbe3141b27.jpg,55.38487493991852,14.991130381822586
59281770e1714ef8b8207de19ccb31f6.jpg,42.64494001865387,3.24084609746933
593b944432964c6a9a5f5113e8521f9f.jpg,65.83987355232239,21.924381852149963
59617ef57ede46198264d463b0414f37.jpg,46.990397572517395,12.224740236997604
59691997fc1b478cab87ba4d1ce495c7.jpg,45.28983950614929,3.3731406927108765
5983ad82e2c04208ba8ccb04d5e4ca98.jpg,57.4200439453125,3.519275486469269
598fc55574794f3ebf97d29153920e77.jpg,56.79838299751282,13.425751626491547
59aaf1d8606348219b554f679701150e.jpg,61.91641330718994,-2.083340808749199
59c685817e7c4260892088e3397d1b8a.jpg,48.001853227615356,11.55906692147255
59ed42226f1543c19bda3b63e680f573.jpg,53.32764208316803,10.214645862579346
5a2b944edba94412b523bd2d44584441.jpg,51.001174449920654,19.641754925251007
5a399b7a42c045e59ff88ca427f48f5d.jpg,50.46965718269348,1.602678894996643
5a5b8ae7775844aa916be59df59668f7.jpg,59.13387358188629,16.79657757282257
5ab4b133c1284d02a5483a189bf61492.jpg,60.390440225601196,-4.501122906804085
5abcf7178ee54c6d917c861ad938d47c.jpg,67.13827192783356,12.356027662754059
5ac7ccb471204e2d973d2e15a10fc7d6.jpg,64.86729383468628,20.836056768894196
5ae1567fc5814ee19eb0c5bf2c8d9e79.jpg,54.92884039878845,-7.360411360859871
5afcd70f5dd4454ba0ecd21aeb1ea182.jpg,68.60379338264465,-24.163894951343536
5b3a807128b94a768fbeeee908dd43ba.jpg,40.35025119781494,-3.328327015042305
5b3de96759064dea9db87f3bf9859933.jpg,52.4897575378418,4.723455905914307
5b459c12ef9a4126b086334f9adc9bd0.jpg,62.96456694602966,-28.519292771816254
5b532f1cf4e243a096d22ca0c2949a23.jpg,55.70668637752533,14.691648334264755
5b77844c60634f6f83a0f1f0dfc3c749.jpg,70.62964975833893,20.6620591878891
5b996cc47f184967b3f24f9f3d76ec69.jpg,58.1211519241333,2.5606251507997513
5bd1c49055cd4cc3929200c0060ba160.jpg,55.74690341949463,14.889553785324097
5bf0bd90e0ec49ac88984987da438988.jpg,58.04669916629791,18.613967299461365
5c0eef96153140a5883c287fe38c81b0.jpg,43.17503035068512,0.9581527858972549
5c185a3a02484c609c5d946b2fff9a40.jpg,45.99527657032013,11.624288856983185
5c1c561425f346c2bf356a1479798edb.jpg,51.90264880657196,7.174779698252678
5c1cd8e6c27148d790372d45d4f082a4.jpg,56.02701187133789,16.667429208755493
5c4a49febd35421e8ecafbe257a7633b.jpg,49.548951387405396,10.796610787510872
5c5a8e498f3047dd90a52ff2ebf5368a.jpg,66.40940308570862,20.62101200222969
5c6204fb55d448f785f5a9ce9e322a9d.jpg,45.65971612930298,5.907724946737289
5c652bba5f7744da912b8ea5f106b30b.jpg,55.05951762199402,16.43850803375244
5c7fd2f1a96c4a94afa17bab55c6a54c.jpg,55.447091460227966,13.657242357730865
5c8a817578c3496abb065b055a1690ae.jpg,59.447139501571655,-13.45214456319809
5c99c69e99e745bbb0067e7d28b0a0d8.jpg,67.30153262615204,20.59360384941101
5cae7961c78b4411ae735f501c260489.jpg,54.567718505859375,-1.0259778052568436
5ccf2dbd89a244bcb1d7709a22bdef21.jpg,48.118856549263,28.373608589172363
5cd41cf107b94f01b42a9a194fc6f708.jpg,49.64766204357147,7.446893155574799
5cf72f6baf3745499a9faf25f56235d2.jpg,52.073071002960205,9.752123057842255
5d3c4a6b7d414b728dfcffc2f68063d5.jpg,58.910563588142395,5.2538738027215
5d437ad7957145528dd225ae326d200e.jpg,47.67546057701111,12.187992632389069
5d63acb2e042462d98d2077ae7c46cc9.jpg,42.80148446559906,6.580526903271675
5d6faf6ac981422c84e31dd537e048b1.jpg,62.93691873550415,17.092102020978928
5d8e77fbb8f9461b88fd6a348ea4c8fc.jpg,61.27697467803955,19.646961092948914
5d912c29bdf94dd7b0f15c73218f420a.jpg,41.8001326918602,11.515321433544159
5db9f57af13845108ec0519e290b7d09.jpg,55.67879676818848,-9.02722455561161
5e04b0bab97f4cbf9f110214b4505bc5.jpg,54.05069053173065,14.308674484491348
5e098be15129418497172751dc4ecff2.jpg,66.88295245170593,19.16238248348236
5e0b17158ac04abe90edaa115f3dc177.jpg,39.846323132514954,9.088866412639618
5e0db34f39f54470b1cde874a4ee39e2.jpg,55.98012685775757,10.581307858228683
5e5c78ddd4b64e50b8f5d184ada9c4aa.jpg,46.436607241630554,5.901270881295204
5e8f54354250406688bf9abc2cbf6d9b.jpg,56.146729588508606,10.464278385043144
5e97d6f02ec6435182365c9ed9d82f30.jpg,51.172669529914856,13.23360487818718
5ec9b994eac9424da8ef2de6642ad640.jpg,64.73816692829132,25.828809142112732
5eca51248eee414a9ad696f783b9718b.jpg,50.33731162548065,8.548307418823242
5ee71bdeed15441aa69681f73c7a222d.jpg,49.15240824222565,7.329480797052383
5ef830ede5824d4dbf59485d35894905.jpg,45.692503452301025,6.6448067128658295
5f0b17bca7f94fc5a3656283f2fb2ccb.jpg,50.89741051197052,8.68074618279934
5f2bba338ad14ff7b291bf4e5e75e7a9.jpg,57.93964147567749,13.539174199104309
5f4eabe85e594428a299e688f2c96b40.jpg,60.17879247665405,15.560301840305328
5f82513b3ca040d9aabf694ca994f8af.jpg,55.63807010650635,-3.831823244690895
5f89299769a744a695de9a1820f7cf32.jpg,55.78833818435669,12.07473635673523
5f8a7ca6e75f45d3803cf66b2546dcc4.jpg,67.44295477867126,-13.87687772512436
5fde482e6f2e4f40878096aabc9f0ce0.jpg,57.733293771743774,13.305689245462418
5fe4db47381845828cd8d93154960b27.jpg,46.06139838695526,10.14929786324501
60a56b756e2f48058d138c202a6f2c0a.jpg,56.14679932594299,20.4227015376091
60b499e254644de38ffddb3d3b01950d.jpg,55.38235902786255,16.36023312807083
60d715afd390476ea3be3094a8ca6286.jpg,55.05981802940369,21.944101452827454
61040e27eac14e2cba485576eff510b2.jpg,51.94394409656525,-9.159997925162315
6104eab43fa84243bc973f6263b763bb.jpg,46.66740596294403,10.404642149806023
6126c06620ab4ac1b23f9aa5075915ac.jpg,49.67840015888214,8.33664022386074
612a6b0af5fe40a1bb5f88b0d9cf37cf.jpg,72.397381067276,23.825555741786957
61788c1e89ad4316877bac90c7a7f96d.jpg,53.481793999671936,10.328370183706284
61aa8bd90f4c47789d83c53b7fe7fb4b.jpg,44.440944492816925,15.07260650396347
61ad1e84db20495ead908091793484de.jpg,65.99861741065979,21.547442972660065
61cf6a76e9e84062aaec25c3be2daf95.jpg,49.41448152065277,7.9222168028354645
61dac8b8f87e422c84071248fb32729a.jpg,53.54960024356842,14.457219243049622
61e559ad41bf419d858c780b693c2ede.jpg,50.48742949962616,-4.375879839062691
61e74d6313434921a7d1577d6319c7ec.jpg,53.77236843109131,10.160175561904907
61fed3f0d27048d883ced7036ff6a261.jpg,41.882379949092865,13.322499990463257
6219fb5f02034810aea7f46125c0cc4c.jpg,45.10582387447357,6.725319921970367
6235c1774eb644a3ba7f024e525fb91e.jpg,50.35783052444458,11.402940899133682
6242c3fb041d4486affb641b691dede1.jpg,59.88653361797333,-1.212308183312416
6256efd0043744f7a5c6649b61a9283d.jpg,40.96372604370117,5.497205480933189
627d3803769440fdafe2d78813f4d593.jpg,40.82940638065338,3.5081979632377625
6298f094484144f8a0278ab0fb9467ab.jpg,52.54540801048279,13.629194498062134
629e43a1d394424db35dcf5be35d5921.jpg,47.89689838886261,10.7402253895998
62bb3811269144caa0de47cc9e247080.jpg,50.71390986442566,10.304535403847694
62bcbf4e160a42c098dee758a22f2aaf.jpg,42.03972101211548,21.958987712860107
62cd2d15a90a4f2bb7fc336c4bb5e8bd.jpg,45.49560785293579,3.9231544733047485
62ecac8cd10e41949ea9be8307df6f4d.jpg,57.055156230926514,21.519384384155273
62ee6a59befa482c8022076ed7a8c7ba.jpg,49.556429386138916,8.851137533783913
63041dab3e954dad808fee2ef6b1ef2e.jpg,54.848154187202454,15.799558907747269
6306fee499a2496aa5af729a0613ea7b.jpg,47.66875505447388,3.448023274540901
630eee9593ff42f5be685f22af31a562.jpg,42.82744824886322,15.634576231241226
6316aca1d55443569132be6a53486f93.jpg,51.96238696575165,8.251081109046936
63532e3ca995405aaa6b2b85cc1c368a.jpg,44.973271787166595,-0.3637504577636719
635c541e642e4d7e99e7e7fd61fdaa82.jpg,46.161696910858154,11.283040791749954
63602f7b572a4358a6a193f645c6aea1.jpg,64.56862449645996,19.08238023519516
636382e3cbaf4690999f53cfd35b9e0a.jpg,50.20832419395447,10.775975212454796
638343d1ef2d41998dc8d40e154580f0.jpg,58.92871141433716,6.920303106307983
63b9e87e9e8e4c06826992354a400230.jpg,66.98536455631256,22.065554559230804
6415159af5794137a57d406589349ad0.jpg,41.6648930311203,22.344515025615692
6417cc3a1c6a4eeda3f0f859cdba6744.jpg,42.853310108184814,7.900606244802475
641d2cd7038849d691c10d5757763022.jpg,57.246108055114746,7.5176310539245605
643192570b874c2791a890bf5e1dbdc3.jpg,44.46390151977539,5.9540024399757385
646df76e5b1040d18273ccf0c7837e5b.jpg,55.70566713809967,11.736861169338226
6471d52022534090beca2e410228090c.jpg,44.35189515352249,15.426757335662842
64875030116c4f178618e0b95331231c.jpg,65.5972945690155,14.12436380982399
64a830d00b834c358c39d797a42b9cc0.jpg,63.96666169166565,-13.639496862888336
64b4b344b6b045ed8767c3f92caaa24d.jpg,50.28185963630676,12.083257734775543
64cf31d354fc4457983e8c0d7896e303.jpg,49.91317927837372,10.606114268302917
64d89346dd32410da712c2d85bf6e887.jpg,52.456857562065125,10.920711234211922
64dbc8636c48461db26c4f2b67e4ef49.jpg,62.12887644767761,13.425032794475555
654faa7fb18a4a00922218a5b8289d2b.jpg,47.50455021858215,6.692638546228409
6572657348b348b1a300a25f20d50902.jpg,61.81954801082611,16.95700317621231
657f5ac59625427789ee26aaf581909a.jpg,58.69651794433594,18.745730817317963
65a64b967cd74d499dcb53974d6fc77f.jpg,61.98614001274109,17.692448794841766
65c8fa9a2ced4e329f9486383c2a86cf.jpg,61.54497563838959,19.959237277507782
65d48eaf871140ae9c39d63b8327ff74.jpg,44.85443115234375,32.93958395719528
65d80046b65e4ac98858c72ed3f77479.jpg,55.78275918960571,-7.678258493542671
65d82688e857454f96f9d88074e31dd1.jpg,59.597423672676086,19.57786202430725
65e96c0cbe734ce1ab15c99892092f3f.jpg,42.84459829330444,25.36889612674713
660df4b5278b4a18818ae1c0cd68d7d7.jpg,52.538970708847046,6.8617182970047
6664428b579b4e138a426913aaea5f87.jpg,48.73803913593292,15.449725091457367
66653dedbf174c87a54dae0e4358aae9.jpg,53.145246505737305,15.174549221992493
66664f41335b47ec84e18b35a1695391.jpg,65.89629650115967,17.871509045362473
666d081a8eb34e2bb03e1fe16ebac63c.jpg,61.958556175231934,18.439893275499344
6679c29ae74445a4914bcfd18d4bd8b0.jpg,51.3585090637207,1.030394732952118
6685cc7906ce42a88f107642cce24eab.jpg,47.81145930290222,15.249252766370773
66884511bf84415685de4e57207c0178.jpg,39.62540030479431,13.268031030893326
668de59980634775855ee11caa73dacd.jpg,47.339733839035034,13.768717646598816
66b2290cc51342989ad88a6452a3417f.jpg,61.04700207710266,-8.621932044625282
6713bb5b8745488b9ff070bda1d75057.jpg,46.963661313056946,9.946630150079727
6750676b251b4f109b7677544129eece.jpg,66.59486711025238,-26.580887138843536
6754257a1848401bbb6444e4985159a6.jpg,63.0985164642334,-1.931440606713295
6761499ea1944520a7c5f23330d0a54d.jpg,49.92488980293274,13.773532211780548
67a10abaa1c84e67b13838f880e45a6e.jpg,72.17260122299194,-39.71536964178085
67b7621787f943218fa2caba9c7f9c9f.jpg,61.270344257354736,17.96488344669342
67cd243230cd491ebbe32f94b71d1c8c.jpg,51.554481983184814,13.991189450025558
67dae8e3c22347f0b055bac8ae74afbd.jpg,48.6866158246994,6.147851049900055
67e47ea1bfeb4e908cb128b5a1810ead.jpg,43.8224995136261,5.3642671555280685
67f73c14b4e74403afd02abea1ad17df.jpg,51.546204686164856,7.090686410665512
680c3892ffd54439bb5ea7830ac7df5a.jpg,56.493330001831055,-3.385140225291252
684e6e2550944ca1b87b11aa16c75071.jpg,59.80638921260834,12.61665254831314
6851aec5939f4be595b870b8447c69c8.jpg,48.34910809993744,9.033188447356224
686997c7aa9b4c74b0443e37303026f5.jpg,53.49535524845123,8.609573096036911
688d51368fed4069be95c1ce45dd8415.jpg,56.78012251853943,10.679705366492271
689a32c4694d41c6b3241586db89e1cf.jpg,50.6132036447525,11.52890682220459
689c2a02a9ca43fc8f5b4093876f3c6b.jpg,48.356966972351074,6.732724159955978
68a060b2f31e4c9dbb9138970f06d817.jpg,46.227845549583435,9.50750157237053
68a2191053d94b2f9a65534268983f2e.jpg,54.75444316864014,11.533847451210022
68cd344665ca401f9a9c4cd2359cf006.jpg,60.81337094306946,9.841807410120964
68cdd05e4a6e4a0082d94a36d1f11767.jpg,48.23448657989502,10.668904781341553
68db5eb2e46641a3a0257c6cb1f90f1f.jpg,74.89204466342926,25.118318796157837
68e7803432174318bef6fe7f23e1b5c9.jpg,55.890562534332275,13.81562814116478
6901200a89994849a488e00764471c63.jpg,59.048606157302856,12.811504304409027
6915660b46f94ce5a04e9ce93d34f604.jpg,50.85302531719208,6.79203987121582
691dbda585ba44b8bd4a7d23a7cb47de.jpg,62.29566693305969,-13.615711033344269
6934c4589390470d89ca501c6e8b3ba8.jpg,52.30044722557068,11.253893226385117
694ab39dc75d4da7a50d7abea5e1c421.jpg,57.86665320396423,17.928564995527267
6960e43295f844768ba1ec6a7f505372.jpg,51.22941970825195,9.232162088155746
696200b8e9ae4ee5964a0d1d48a05794.jpg,57.14707016944885,-3.7266162782907486
69787ee85a754aa4a3529fb4d7508b70.jpg,59.386725425720215,-1.7063093930482864
69c4328f7c00403a82f67c2c4983dd1c.jpg,46.59443378448486,17.398639619350433
69fb156b725949cfb54515d1d174a371.jpg,54.48715031147003,12.091454565525055
69fe782bff7649188477b0ccd110180e.jpg,52.332515716552734,12.08221435546875
6a0efdf626ee4265b6fb18dc2110bdc4.jpg,49.39411282539368,-1.7973797768354416
6a11b41db93b4a18b7c4f58b8ffff9e0.jpg,46.440104842185974,13.547906130552292
6a182fb7a73641bba0ad4574f8c46213.jpg,52.395944595336914,17.322993278503418
6a31193fb3bd4e76bde3f610e538718b.jpg,54.29916501045227,27.76049315929413
6a40f2124033443f9d1f1a291f7e7f29.jpg,41.15037024021149,20.14826327562332
6a4ef148a03048bcbf2cf4fe165edaca.jpg,56.714816093444824,13.451282232999802
6a501c79d72048b5ac53c8cd977267ad.jpg,51.754966378211975,11.942665725946426
6a6b3c6caa154c8c9e131ca5b2545122.jpg,64.13521707057953,15.432339012622833
6a7642ea224f49a782b874827bfa93c7.jpg,40.24046301841736,16.910499036312103
6a926898b186406aac45f84f5533c58d.jpg,46.76831603050232,13.499520421028137
6a93c5b423c14bea922398e7364d91e2.jpg,43.64338159561157,7.209386229515076
6aa84d2f04214b25bb1d4e56ba56b7d5.jpg,52.636088132858276,6.011523753404617
6b0d3ea4f06d408fbb976b2f60b775e4.jpg,46.34281039237976,3.85966457426548
6b26eaa46eb04722b333fcb3c0d8dd61.jpg,56.48196816444397,13.920890092849731
6b2a5062db9e4705993457fc36470aad.jpg,62.31914162635803,15.38945585489273
6b38ecb49b6d4193b54dedae551b19eb.jpg,60.71290612220764,14.8457171022892
6b5735e056bf406f9357ac5fd3abc9e0.jpg,46.82614982128143,11.618118435144424
6b6fefa0ceed494e83c177a8161e27a2.jpg,49.42403554916382,10.24657890200615
6b8f184efe194b538a4be9285751e308.jpg,58.595237731933594,1.951581984758377
6ba90275c12c417d8716593e657ecbda.jpg,56.19504690170288,-1.1862880736589432
6bbd022cf50d4c8f9d3bef912950d365.jpg,43.30118000507355,18.889041244983673
6bbea18792094216bccb2b3f7ef5f778.jpg,49.701038002967834,9.16292890906334
6bcd186b36164603a3bb8db7f5772a52.jpg,48.48385691642761,6.754085272550583
6bfc42cab3044dfb8965ae9a3e506ddb.jpg,60.45071482658386,22.707455456256866
6c160c52036349109b59a7565290f38d.jpg,51.16157054901123,6.121847704052925
6c1a3c7f32604c1789dcce075cddf698.jpg,53.43816518783569,21.75151616334915
6c2a0c39f00a4dc6a259a8940831fc06.jpg,60.402714014053345,-13.51093590259552
6c4b0efc39f24da4ab6019046533bd62.jpg,49.19758200645447,12.957653850317001
6c5dc23af9c74b7bbf21666f105525d9.jpg,55.185458064079285,12.710853070020676
6c773d5e4315426ea3741668dcf93dcf.jpg,48.145941495895386,13.410534113645554
6cb1e6b4df7f4ff896a1bf9121341233.jpg,50.440850257873535,16.60186395049095
6cb25eb3ef974cd39a92330cf2d584e3.jpg,56.308767199516296,10.186021327972412
6cb6eb345bdb48af828dd6309becfc6a.jpg,44.11112666130066,16.339565366506577
6cc135d46ec44172b5c7fee918f10442.jpg,54.008933901786804,10.860716924071312
6cd74053229a4e07beedac8061e42092.jpg,43.726224303245544,5.185913667082787
6ceb858a7c8f4cc2aaac1d022c15af64.jpg,51.25751316547394,10.112041980028152
6d0fb704770d4e8892a83347eb35c60c.jpg,44.26446855068207,6.375869661569595
6d160e4623a44958bed31dc67a17ab1f.jpg,60.7237583398819,15.598011016845703
6d184561c3304c67bbef9792d3e0be38.jpg,54.0831184387207,16.053691506385803
6d1cd8e4a8e543639d09cfced11b3694.jpg,44.909145534038544,12.064550668001175
6d3c7844a1f44b949210c139d17b94b1.jpg,59.37317490577698,8.822090551257133
6d3e8fbf75f64534aadb5a3125383325.jpg,53.93183648586273,13.556023836135864
6d5d07664a984ba682c4b7aa5f2fbf9b.jpg,75.29662370681763,-31.445993185043335
6d8bcd27205245b99ddcb3cff32cc329.jpg,45.571428537368774,5.874128267168999
6db38ee46e734cdfaf6c500fb577a1a2.jpg,47.54824876785278,8.726197555661201
6dc2cac4b67b444fb1f173c3aba3a408.jpg,44.93355095386505,11.685360074043274
6dd09f440dba46d0839a311e81e9fd59.jpg,46.54955506324768,16.177508980035782
6dd67a9058214ae3869d75bd66626e48.jpg,41.41538590192795,13.544302582740784
6e222c7fc23e4b7797095201c2d7d178.jpg,67.39732503890991,24.777412712574005
6e29e3a799c44c27885368e00bf6a361.jpg,45.752220153808594,12.395942956209183
6e334fa9ad5246a6a8ea9edeb8a252d4.jpg,56.46341264247894,15.55065929889679
6e4089391f7e452992d56db81f69240b.jpg,59.017395973205566,12.338146716356277
6e487cb0f02240c28be169e7f4309e5b.jpg,50.68714678287506,4.050994589924812
6e88092705d54cd79ff3d67da696856c.jpg,46.87522351741791,8.066496178507805
6eade422e8014d20a6bce0b6f91ce50e.jpg,61.232648491859436,16.64325177669525
6ed2a322c24f410a994e3f707c0bec5d.jpg,50.092254281044006,16.0813370347023
6eddf7c042c14a1f8495b8d849460d0d.jpg,71.88445150852203,21.597796082496643
6f6be1caf41d4886b0eca5fcaaf3385c.jpg,45.02201557159424,7.428289353847504
6f85178deafc4c71833692010434cf56.jpg,44.75297927856445,7.411536946892738
6f877400f8994a59bad29546851bb60c.jpg,47.861080169677734,9.620672017335892
6f94b099467d44f2ad8c4f8d1decb38e.jpg,47.56528615951538,3.557114079594612
6fc11c0552ad4964a3323a84e0193be1.jpg,43.75581443309784,-2.79423750936985
6fce2c1453c8489d8664253c9fa8db2f.jpg,52.451122999191284,13.32368552684784
701695c9fa764e9e8b87233625542553.jpg,53.564711809158325,8.26341524720192
702cff987d95412989d4a1bfb4a32e62.jpg,58.105085492134094,19.720640033483505
70321190a0d74a75a38a0a65f839752a.jpg,45.386168360710144,6.591267138719559
7056b2b986354ae5a643bfa08141648c.jpg,52.49137759208679,9.064267203211784
70582056dd1c403dabcf647360ff6d7d.jpg,65.94587445259094,-8.334831073880196
707c933691d443ef84a7309909af0b37.jpg,48.78658175468445,13.996793925762177
70d9739c06a44c5caae424155bda4bb2.jpg,48.50587785243988,4.345788136124611
71041f146f9b4a048aa72da61f8fb144.jpg,69.5721298456192,26.016308963298798
7134d66cee8a432882c006ee7c46248a.jpg,59.82056736946106,9.17184591293335
7150aee0f31e43feb3419e0dde2a76a6.jpg,49.653064012527466,8.657196387648582
715d434f7f3c4dca8398a98cc85af0ba.jpg,61.08142554759979,13.883969485759735
71a64feadcb04b778e76ec055c02162c.jpg,54.79054033756256,-9.928757920861244
71cb4e9d258a4dae9ee68756031b9c52.jpg,40.01639127731323,4.604814425110817
71d04dc8abac4ad7998f93673adf7602.jpg,46.82228744029999,13.939582407474518
72005df6f477453292c77add18db35b5.jpg,50.27511656284332,12.184845060110092
7208dceffcab41f6bbd26ba8bd0749cd.jpg,57.72493064403534,6.252037435770035
7213d726585d43b29567f8cdff88f2cb.jpg,50.26144802570343,10.92908039689064
722d321748aa42f1a53b5a35ea8a5295.jpg,48.94136667251587,12.0254547894001
7247ca17c1be49a1a7ec3a3add87db10.jpg,46.15882694721222,6.278289556503296
724804efcd994c6f9a73dab3a09c9f3c.jpg,58.83287072181702,-10.38973443210125
72523190f7c942ddb543214823317310.jpg,52.60135889053345,10.751601308584213
7268e1c875334414a7aea1fd2e59161d.jpg,68.20373117923737,21.83567851781845
726eb85ed58a46f4a3adad84d6169ddf.jpg,59.7768098115921,15.896185487508774
7276aecd7fdf4ab2ac7a2505674c75de.jpg,49.503015875816345,12.52697691321373
7279f04a024645aba6924b43387543dc.jpg,49.938193559646606,17.82870501279831
7299bb79897e48ac844d727535c61b2d.jpg,60.68714618682861,-12.144479155540466
729df97b87b640bf98399e36d2884a93.jpg,58.81885886192322,10.72003036737442
72be825f4e2f454eace328795a9b4612.jpg,72.90024161338806,-5.50200529396534
72ec6ecf55124e9197db20ac0bd1ddac.jpg,63.774250745773315,17.36564576625824
7327da65ee3d461bb01c523052cc9c4b.jpg,45.70139765739441,8.45322847366333
736e1890141e495fac14a0a1d7fa1507.jpg,56.197471618652344,10.405096113681793
73793f207a1f4b44bdd4b62bba9b600c.jpg,71.18771553039551,-19.54502373933792
738435874c81444ea0a67ef74506399a.jpg,55.734232664108276,16.205389201641083
738e705bcce7464aa34d274477eb7b08.jpg,40.701218247413635,13.073027729988098
739bbc7f492f4fe789ce15530a3eb06e.jpg,43.289659917354584,15.167183876037598
73a4e74f790d4d1f827b15561d0f7515.jpg,64.55002069473267,20.254564583301544
73a9a3f395cb427984389d96e5ef2a91.jpg,61.01284682750702,16.342729032039642
73ecb78db3a644fd8fd3539fd4059f43.jpg,44.15273040533066,12.836678177118301
73fecd25da664779a87cda5bb1074f19.jpg,64.59787130355835,23.560950458049774
744fd50fbc21479eac746c87cc68497d.jpg,63.35933446884155,-21.469835937023163
74814f60e7ff4812a6418ce9646e6d49.jpg,43.647083044052124,6.614435389637947
7485a5870ab24cceb7e0b93a531852e0.jpg,52.7843177318573,13.766259402036667
7489494af599421fab5fd73658d09b9b.jpg,50.379669070243835,11.452855467796326
74af524903324bca97ba662aaffb43f6.jpg,59.31697189807892,4.303460866212845
74b21ccbe8e64efcb44a03605264dbe1.jpg,44.77393001317978,10.126491039991379
74dbaab923a54b5b94f0c0108c79338d.jpg,55.445095896720886,14.669424891471863
74dcb4775cbe432ea1eb00392ba72157.jpg,39.709439277648926,2.040327563881874
74ef2d66570441db90c2cd8a91bfb4a1.jpg,44.909617602825165,10.211695432662964
7550264f77684789991cc6c8ddae572e.jpg,48.759410977363586,7.063785195350647
7555425377f447aa8e8b4e0a4a17baab.jpg,51.31058871746063,28.078546822071075
75569dddf496466da48609f4f207187f.jpg,64.59048449993134,-24.465530812740326
7557b65983334e269efc861e0db82408.jpg,57.07914590835571,10.882549434900284
7564e3cf27ae49b899b4efbaa50ac862.jpg,65.7865297794342,19.137751758098602
75695e109cb247eabf716853b6540321.jpg,48.22994828224182,15.392797887325287
7574167c1a384c5cbccec36c6ae34f1f.jpg,54.149771332740784,10.237678661942482
75a67e3bf9d34df29a5a12e3fd3236c8.jpg,49.76173639297485,8.339012637734413
75bced67159b4d4387e33eae372376fb.jpg,58.238149881362915,17.055196166038513
76149ec64d964260bd0f8572aea517a0.jpg,62.3934280872345,-28.20206254720688
7616a3e419054774bc4687ccebf39630.jpg,53.10338795185089,8.147338628768921
76996371b0ae41fba82a7da61ab09e7a.jpg,41.776397824287415,3.1190161406993866
76bf045379f34da1bc695e05dc322847.jpg,67.98600018024445,-24.947416484355927
76cdd24d50b04667bfd834e39691b778.jpg,71.85730218887329,-28.738976418972015
76e4358dabee4dcb9faf794854d4cce3.jpg,50.16498506069183,8.086524903774261
770e02690fb44339b69f4c3712ec202e.jpg,43.30837905406952,5.270441807806492
77244cd62eb948669d8ce6016e08cc37.jpg,44.08063530921936,3.6231540888547897
77383264c6434848923b7e5b3eecfae6.jpg,62.43505597114563,9.01601493358612
778853553ba94dda86b15667db9a87a2.jpg,51.77203059196472,0.9775203466415405
779d2424bc784d18845e269c7f545ac3.jpg,56.872106194496155,1.7513765394687653
77c553a1bccf42c68e94a0bc29e7d61c.jpg,57.07598626613617,12.251691073179245
781471b0d966440a9c14de15c2e0a6c5.jpg,52.702049016952515,11.24944880604744
78738576c14f436aa7aaa9cc213c7694.jpg,54.30948615074158,12.016403675079346
7885d58c05814de29ebe2e27b3786677.jpg,54.04919922351837,15.483318418264389
789f5a3718f04c73ab2079897c4b54da.jpg,48.67841362953186,31.40864610671997
78ba2c7c8b90476182f5a47b334bca20.jpg,53.56900334358215,15.3000108897686
78c0b06337c743bdb3f192769cc785ec.jpg,58.73434782028198,15.326845049858093
78d97ee8103b4675b6c07f73908102fb.jpg,45.6831157207489,16.853099763393402
78d9bda9f6fe4798b44b21a30166750a.jpg,67.24076986312866,-25.262018144130707
78ddf6d127b74820824696db12edc87f.jpg,55.42178750038147,13.942392021417618
78e71d4260f4460bbf4105ffd746fc43.jpg,52.87448287010193,14.037957787513733
790afd918d8448ef8185d2e3320520c0.jpg,40.88544309139252,3.1671148538589478
793ebc215fdc4e0090f597a57f905df8.jpg,48.65927338600159,3.622356802225113
795d0b79592248908e2dbff4f9137e00.jpg,57.70726025104523,14.35602754354477
796dd52314614236b5db8f2b1ac09cef.jpg,43.493767976760864,11.035117506980896
797d7362f7da4cca86b50cfc115dda2f.jpg,41.13305926322937,7.7512286603450775
79e7f4ed9d9e4dc5a1530874475beff7.jpg,57.96494543552399,-14.43864494562149
79eb63ca1a73430abcb317716189ef72.jpg,53.72643828392029,27.57004290819168
79f73a962ede4b13ad2c0a3f1e89cdc1.jpg,52.23425030708313,8.646364957094193
7a472fb018184568b2c02d801f4be149.jpg,47.50264048576355,6.514771208167076
7a65dbb94cc84a45ad84871c5917d9ab.jpg,55.02929985523224,-9.524758234620094
7a6a507f0c7a4426ab643ba2cffcb245.jpg,55.22201657295227,12.579026520252228
7a71383c65d84a8c956b8ae174f25ea1.jpg,50.54818153381348,15.56951254606247
7a783da21533478081d1849c335f44ff.jpg,47.09981560707092,16.367729902267456
7a9c9f0374d54acb82a34a68da3eae85.jpg,52.26424276828766,4.499206468462944
7b33763176954af799b356409bd116c3.jpg,57.87627696990967,18.024923354387283
7b739ec6d373420ba44efcd748fa7faa.jpg,51.24668776988983,-4.612509682774544
7ba2c33fc1e14747af7866a8c555e371.jpg,68.27191829681396,21.329521536827087
7bf2449ec3fa4d71954a00d81fa0f5cc.jpg,52.617666721343994,3.0782894790172577
7bf5d123477444319dff15a3dda6c9f4.jpg,64.75571393966675,21.51961773633957
7c0641772a554fdfa7357b7a76f19465.jpg,48.76505434513092,3.075549602508545
7c12bf4af8c047a5bdbb1e7da51e1933.jpg,62.57968068122864,21.31879672408104
7c18e45c2b34499da3dd6a736d55f22d.jpg,60.34968137741089,16.56290888786316
7c1e8f9722ba402bae6abdfb03297551.jpg,46.84561729431152,20.831199288368225
7c2e2154d40041058fdac08437e7ff80.jpg,54.373199343681335,-2.5638075917959213
7c3474f3bd1e415db78c0d78ff92d7a1.jpg,60.760252475738525,17.53468930721283
7c89cc17071c450fadd9a78b86b97a67.jpg,55.20374536514282,12.07539215683937
7ce89d1387e8463aa47eeef21675f8c9.jpg,63.28650176525116,-23.0095311999321
7ceb183a5324496daa43d9d1aa0d5728.jpg,50.498748421669006,14.829694926738739
7cf0a096d4734704905fb6def4145f7f.jpg,57.91011571884155,17.95650154352188
7d20cf24b2534e33878c014e9bde6206.jpg,55.63432037830353,8.123088777065277
7d78d8b1a04d4a24a023cc074a994288.jpg,56.628411412239075,13.55661928653717
7d8e3759cf144d15925842031f7a6d0c.jpg,43.49604785442352,20.77037885785103
7dbf955300ec432e99da41f823e7fef6.jpg,44.398595094680786,5.236831381917
7dd24f540dec4d0b9262949f9a19fb51.jpg,44.35195416212082,2.6587410271167755
7dd3a011a6754da990e5d82508c60e1b.jpg,67.27297246456146,21.65776491165161
7dd5a76e56b247ed96a935412ba5049b.jpg,61.64258658885956,12.313345670700073
7df55f4f6d514a8b94cd59565af67ca8.jpg,56.65324330329895,14.8090298473835
7dfd7f0421eb4a568b2b0e0f28feeccc.jpg,52.23298966884613,10.885463654994965
7e2f62d025984888b68ebafc1e40c695.jpg,44.31499868631363,1.5258222073316574
7e377fae44e64a4eba2473895839ca00.jpg,55.727001428604126,17.519540190696716
7e4af8d171e847cd8f15d6758bddaadf.jpg,60.02333164215088,11.647583842277527
7e6e0458904149b79f5a00baeaa31363.jpg,63.816742300987244,23.07115226984024
7f1f0640cd934184b4cd0058ecc861d2.jpg,68.31302046775818,24.422089755535126
7f3dd93591c84ab0803c3fc993720c34.jpg,40.190962851047516,3.6370372027158737
7f54ed9c754f4bdd86a388b7551976e6.jpg,62.39408254623413,-12.378096878528595
7f5dc95b487c42c3aed15b2b6ff004d8.jpg,55.259068608284,14.86193910241127
7f6953c27128419db8957d2050bbe6b4.jpg,49.758946895599365,10.34770354628563
7f76c984034043fda1aff53866bfc825.jpg,47.77722358703613,12.392507046461105
7fa2dcef7de74519b6e40fdebdbd2d8f.jpg,53.966710567474365,12.361885607242584
7fa6a6d4c05c433daec58a9aba7e172e.jpg,52.4395626783371,13.374917060136795
7fadc5ed340f4e5a9b57e6657e08ee55.jpg,71.62260353565216,28.668678402900696
7fc17ef308884b618d5c7a9718b8bc49.jpg,48.887309432029724,-2.0548785477876663
7fd5dcbd1e9d4e7caf3f9c9b35145e4d.jpg,60.76245725154877,13.891380429267883
7fec4e7d021e4502a94722aae03e9b49.jpg,48.05550813674927,8.903746381402016
800009e8a1cc4e01a8540d4fd38d39a7.jpg,56.92358314990997,10.980711579322815
80093a5d23f34eb5b3f23e24f57108a0.jpg,54.02134716510773,18.81734311580658
8016eed9a2714662b329e646d3bd479d.jpg,51.273601055145264,1.8027066439390182
80311b5b0f944f1e860d150a95367b8a.jpg,56.95955157279968,-2.7533096820116043
804ff4c049d14769a47a58d7d3fed7d5.jpg,64.59784984588623,4.573808088898659
808312962edf4c12aebebdfd4fc41164.jpg,47.654083371162415,17.393698990345
8096d420ae1546ea911675fd56cf0da8.jpg,63.86582672595978,-18.44538241624832
8098ebcca69f4aa1afb0bff06554d460.jpg,60.708587765693665,12.879121452569962
80a09508cdfa463c9c5c80a00f6a359d.jpg,66.78564190864563,-11.129702255129814
80bfb2f3a0c4417d97f7d0df4f529607.jpg,59.28430795669556,20.932621657848358
80d7376a5dea409aa8d215419b4414e4.jpg,60.67471146583557,14.291610270738602
80e3245bed1d4deaa6b8a4f90e453e17.jpg,59.85044181346893,18.652229011058807
810fd587e75a47c39e8b4c780243957d.jpg,51.05743646621704,3.1412281841039658
811d187fb75c4dfba2a1f3bb4df313bb.jpg,54.4932496547699,12.720058411359787
814689c3c68844edafef6e43e5cb2c10.jpg,38.775469958782196,13.118724524974823
8182cffca894412cb704d7228fa2067f.jpg,63.739832639694214,17.614662051200867
819f99d5a28f4109bdaf973515d86205.jpg,47.639610171318054,9.799564629793167
8226ef5ae53e4d618f72097facb1a5ad.jpg,53.39479923248291,15.870641469955444
823ce6d64c5d4871a7e000632d9e2a0a.jpg,57.16736376285553,14.531701505184174
82512a947f4e425db33e710ba0a92d0e.jpg,44.40368056297302,5.371055491268635
8275639d47194a8ea58695bd79a2fe48.jpg,49.61573839187622,27.352998554706573
827e08cb9b084923a730a3d026af9dea.jpg,67.51886665821075,20.001216530799866
82a133fae34b4013b521f9b9397a3b0e.jpg,56.28145158290863,14.936944395303726
82bc6255dcab43319defd1e77f6f943b.jpg,49.03175711631775,5.295357182621956
82d9113b1fcb44fe9f52a65924340b1a.jpg,63.55659484863281,16.827286183834076
82e08f4f497a4a9d8da8ae08fe2cc684.jpg,60.33985376358032,19.352489411830902
831de0b7704d49f19f82fd6bf402637e.jpg,55.25517404079437,14.59448128938675
832a68b256b0495b80349818840ed231.jpg,50.61282813549042,4.621550738811493
83a4c08c618e43f89ba70d3d117570bb.jpg,47.5842010974884,20.802503675222397
83cef05b8c0740fe905ee32b53422dd8.jpg,58.996946811676025,-11.260605454444885
83d6c2d87c5d42989893995b9c3c8f00.jpg,58.20175230503082,14.090647101402283
83dc47c3c8b64efa959ff0a1ea089b14.jpg,64.15524780750275,18.15106898546219
83df6925534647928d893532435d3c50.jpg,64.65232014656067,-20.151964724063873
83eacfecca2446099f2b23505cdb7fa0.jpg,38.73574912548065,19.644249379634857
83f00994aaea4d8aa8bafb01eb7ff6a5.jpg,61.82010591030121,20.541912317276
84030db45a65432baff44cb93a7820fa.jpg,52.04651176929474,17.86036044359207
843af13641184c1a978d862d3b4f349b.jpg,43.412719666957855,5.274072512984276
843d6833ab794c938b23fe9ff2461ba8.jpg,45.93210518360138,5.770308002829552
84644c5684314d78919965e823a3ed3c.jpg,41.13556981086731,15.376836061477661
847b277fa67f448d877d5ac01943bc2c.jpg,48.93837332725525,13.489440679550171
84b8b1e150d24ebb82c1f1baf1ae7d1d.jpg,51.80232346057892,10.047865435481071
84d9d77250fb4ceb88bb1e285ddff13a.jpg,70.17227947711945,-26.727799773216248
84e2c872aa0d4a4db605f1640ce94988.jpg,60.2435302734375,-22.5522118806839
84e5144c9fb840dfa4b151ead606dea3.jpg,55.03773808479309,-6.842034235596657
84ec3329cf684f59af55c838b333322a.jpg,63.34013521671295,-13.230454623699188
84eec43f9c19467ab46ac6bea6758de7.jpg,57.40582823753357,8.829865604639053
85174adc26c546468a61edc1b6b18798.jpg,72.2963798046112,-36.70276612043381
853a737ad3c44f60a3f9db6dc3811ba5.jpg,48.23392868041992,6.0542211681604385
854f439ccf264ee4912abacf0198306a.jpg,56.99787497520447,16.249463260173798
855dd61def9d41bcb8e38021101a8c3a.jpg,50.3230744600296,0.6272714585065842
856806a9f9e44b28be3f1fd1c401d663.jpg,57.12832689285278,7.886271178722382
8574aa519d6844ef8acb6a110d91ca03.jpg,54.320295453071594,16.78140699863434
8589fa33775c425bbff6a1886be9660c.jpg,51.09694540500641,11.527622044086456
8592c1f5b11c4e12b56ea646546c0e6e.jpg,49.419862031936646,9.147537723183632
85b786041430491b80050aa6bf9dd290.jpg,45.66616952419281,6.189332082867622
85d9619c946f4955a5f4e55bb260f6c8.jpg,57.22430169582367,-4.343006685376167
85ed12aea8b2413bb91396f624be9fbb.jpg,57.75192975997925,-0.028672143816947937
85fd64ae502b4753821d6f8b8c5b0dbe.jpg,47.736749053001404,6.549420654773712
861eeb8cf51f45ff909083c664db4f7e.jpg,42.7608248591423,14.17244240641594
862a525326be42fead0937312e55047a.jpg,49.53417241573334,5.797273591160774
865df8484b5f4f92a7e09b08bc468768.jpg,73.47053289413452,22.405806183815002
8672b979d3364a3385d4929cc73120b5.jpg,58.81252348423004,-0.7295414060354233
8678fbb7c0e442419085e547240ce7fb.jpg,58.41081976890564,9.232821241021156
867d5a36f0864a1ea82f2146ac726a81.jpg,57.94394373893738,12.547910213470459
86a04310864d41268f59e4aef17b022e.jpg,65.09771168231964,4.306192025542259
86b77cee7b274325a20113530c0272b8.jpg,70.20729303359985,22.558120787143707
86bd3d518c6447998b835a9d34bfb7aa.jpg,45.351181626319885,5.587383024394512
86df4270cbb046beb6ed8f305e3cec34.jpg,49.14111077785492,5.563884526491165
86eddfe8e1584ccda08c1c235de90434.jpg,48.30772161483765,13.837972283363342
86f19d755aac4b489db1dd41be26341c.jpg,44.09605264663696,27.46154487133026
872548bb5fed4ce0a567b40ebd9f32ef.jpg,46.521010994911194,5.894148275256157
8726cc0c6f564971b076432e4279f3a4.jpg,59.37837839126587,14.721489250659943
87271d47742e41cea1c6e21e227ca609.jpg,54.6816748380661,12.472351044416428
8739be29941e408f8ecef84e09211622.jpg,49.35008704662323,10.698213949799538
8741bc3d3aad42349319d7336e43abd2.jpg,55.9408164024353,20.988993644714355
874a2946463645daa68f645fd0a06575.jpg,50.39971053600311,13.014363795518875
874f43346e18464da384d776d67301ee.jpg,60.23821413516998,17.835045754909515
875020ace21d45a98b9346a03e58c868.jpg,47.57603645324707,11.048964411020279
87c496db25ea4c78beb56977606a0069.jpg,41.29504323005676,9.480887353420258
87df34b1255347b69c3e019b834e8e88.jpg,38.03218960762024,14.720790535211563
87e002cc53454ad19bee60987fa0f459.jpg,57.36887812614441,14.315349161624908
87e5574366d94f13830a0cd8131543c8.jpg,42.01439559459686,9.745929837226868
881ca04a71274f01a62c707f43b55eef.jpg,44.65970814228058,2.1868405491113663
88429ebfb66b4565b991855b129733e8.jpg,56.04024589061737,-6.644666567444801
887b20b1cce749c085dba5314c4d45b5.jpg,53.37790131568909,11.21110662817955
88c4cd19772e423faf5c9d9b8b9e22db.jpg,49.75907027721405,11.077600345015526
89059b89237d445fb0d82acc63f1e78b.jpg,57.894816398620605,1.0531901568174362
894929105c3a40748ab297b86a6a561f.jpg,56.568995118141174,-2.929270640015602
89537bdfcd9b49e885bfe790ee7a45e0.jpg,44.111217856407166,7.577024549245834
8974b6aa34b44bfb92c5ba730aad6000.jpg,55.90188145637512,1.264745369553566
8992e36af5064c81921de07c067fd036.jpg,63.130778074264526,-19.141085743904114
89939d6b8b0640b9802e8149d34e6789.jpg,49.01122748851776,11.677247732877731
89aab63f9ec94f229168a7e6f8b95dd7.jpg,59.16086196899414,19.169576168060303
89ac1e180c9443619f45f577c0a929ab.jpg,53.079285621643066,6.837782263755798
89b4e4d691f54f778199a05378125d5e.jpg,61.8962162733078,19.43729281425476
89b8b3fb46224607bcdadf27ead0d64e.jpg,40.47057509422302,11.266157627105713
89ed5f24b2f6413091999411568f65a8.jpg,66.98386788368225,22.541469633579254
8a026c91e1024891b0b9a978878c44b2.jpg,47.77422487735748,30.18726736307144
8a17e1ff9ccb4429ab76660eb53900cd.jpg,49.49235677719116,15.247880816459656
8a254dbcd6974becbee3af6efda06e23.jpg,50.58727741241455,13.197879195213318
8a379a6d7cea4245a06624a14b5ed442.jpg,57.902090549468994,-4.225326105952263
8a463ac69ccd42a8a387e3c0657af7ee.jpg,56.180680990219116,16.264958381652832
8aa35244ef0349d28e111a7a4098f51e.jpg,51.70560300350189,6.26383513212204
8aadaf102c2347fdaed9db4da85f29f7.jpg,49.6966016292572,8.684830516576767
8af0c6aa101f40c4ae1b756872c34fcf.jpg,44.09294128417969,7.004779279232025
8afd9c9d2ffe46c091f3fe981797d7d5.jpg,51.175459027290344,8.458318635821342
8b183b95041f46bc894ad03340089076.jpg,56.16155683994293,15.11305958032608
8b25bd59282a4869a12178df0356cf40.jpg,52.741960287094116,22.615469098091125
8b6300c92f104e4bb9563efc23056082.jpg,65.50837397575378,22.456634044647217
8b847eaee4b34e9c9d06200ea15f4968.jpg,71.7433887720108,24.023242592811584
8b97a7e96c2540e282b176d50217660a.jpg,52.799166440963745,9.937532767653465
8bb926d46ac344e9b79c83087cfaaeb3.jpg,47.28890061378479,1.8374399095773697
8bb9bcd7278e4e3a80629a6f11dba482.jpg,41.169113516807556,6.601691544055939
8bcba0eba25443768f82c4d833d017ce.jpg,48.04320216178894,8.09101089835167
8bcc0a63e0ae4ff0a50e6722930cf888.jpg,64.58091974258423,-16.161459982395172
8bce4dc927724fe8b8f07a4241c65577.jpg,73.69755506515503,-32.1355676651001
8bf33392769346c7b1cf2b3706b11331.jpg,61.998692750930786,-8.32878939807415
8bf7476e7dad4d20808d98d4f07d115e.jpg,65.23639798164368,15.793010294437408
8c0b0281c5ff479687e5f56f6dcc8b6c.jpg,43.909698128700256,25.5969375371933
8c1edb188bc74449a65cee6ac0e37fc7.jpg,41.22878462076187,12.10451826453209
8c573a1f456c41d3b7f5890d54d01449.jpg,48.17205011844635,3.3338697999715805
8ca90150b72745cb9dd91d2b4884bd76.jpg,52.742974162101746,12.156264781951904
8cb3282459ca4d3781dd2309ad5b9112.jpg,51.139217019081116,14.706856459379196
8cb8cf504dd541318155247ccf3021e1.jpg,64.69614744186401,18.34295153617859
8cb8d63c8b0d4245a0abda63d9152c55.jpg,45.67811071872711,8.186465352773666
8cbf3dbed95448f8ae37b4be26d11c89.jpg,60.71077108383179,14.845122992992401
8cca4b445c0d4894b86b7f3642e9b926.jpg,56.41772925853729,13.420278578996658
8cd169cc26804f3ba25d22a58eb8947f.jpg,56.93712294101715,14.00900200009346
8cd9f02535294a928d71860740b997d5.jpg,61.677621603012085,18.328742533922195
8cdb0d7c388f40d6990a78832af4df81.jpg,41.54697507619858,9.213347733020782
8ceace2598fb4d59837e7253d9ac83df.jpg,70.24777829647064,24.44211781024933
8d25f540deea4257aad0b915139ecc97.jpg,62.32393741607666,17.993046641349792
8d30eafc3c0f4b2da0552320d0c6a09e.jpg,51.18597865104675,11.527435630559921
8d34d64c81444574a3983fd34247b4f6.jpg,62.57684826850891,-12.284528017044067
8d382eef0fc541c6a902bcb4753682a3.jpg,48.20508420467377,13.495274484157562
8d4f1d4ea1af4c2499c70b43df6fa840.jpg,57.66674280166626,-8.982888981699944
8d5a7826598c4b54a55d9be6baf1aa0b.jpg,52.72835075855255,9.18019026517868
8d785861e85a41a398172b8e9331dc8d.jpg,64.78147387504578,18.063158243894577
8dbb18a72e7a4a409d3ec973058bfb35.jpg,43.45423221588135,10.605861470103264
8e13b481f92a4dc298376e0a75885eb3.jpg,42.60246455669403,6.805535405874252
8e5ce9804633442db5d24db22f7d8f68.jpg,61.76455199718475,19.248773753643036
8e89e7e4ec9a45e9b7fb38804f086ac1.jpg,57.68115699291229,21.026305854320526
8ecfb21faa30401eb28521f95de2efbc.jpg,60.0102424621582,-12.963733077049255
8ede0322886b40bca11cff6086a044e0.jpg,53.50450158119202,9.55739937722683
8f69428e51c645c3b1a8bc021022dad4.jpg,44.704742431640625,8.766778707504272
8f69b818a5eb43a7b06d7bbe7aa3c34a.jpg,51.22707009315491,13.88405129313469
8f726a0db905417db6da4b70ffbc466a.jpg,51.194390058517456,10.881693810224533
8fc5d5c28d7a498e8f3efffd92793a0d.jpg,47.899510860443115,9.265709146857262
8fd7ce9c7a434ab7a6ea9a9921cdd2ae.jpg,54.04056787490845,11.586397290229797
8fdec2f2c5a0413f852bcd7fb7557edd.jpg,46.9391405582428,20.15681818127632
9019a5a3563e4b468f760e76f2e4fe51.jpg,45.01902222633362,20.1177316904068
901ed662bff24a92a232ac544485edb3.jpg,53.363744616508484,10.341112688183784
903e827518444a8fb93b07e017fc71a0.jpg,57.78905153274536,15.449308007955551
906f18f52a0046e7bcd5748e54e136c1.jpg,55.454092025756836,14.505370259284973
90c37f3e0e6240d7b224505ebbeb5489.jpg,47.56101608276367,8.895668238401413
90e10129922945df905bd27c530900cc.jpg,48.41124415397644,18.520629107952118
90f5eabdd69548cd880c66aebb8b707b.jpg,57.50750005245209,19.11999821662903
913c96ea588e4ea59ebd134b71430af1.jpg,61.72951698303223,23.438166975975037
915c0694ebcf45d5a6c29a1a0921e493.jpg,45.395631194114685,3.4891971945762634
916807daeebb43bc84cfacda2a1ae709.jpg,39.41521167755127,21.217952370643616
917630084c194bb5b1ea2aa37d772c37.jpg,38.967910408973694,8.48002776503563
917c83ce50ec4686a018d2251ec5b555.jpg,41.23250752687454,2.5720875710248947
91989c78bf0c439f88170d7e5737a1f3.jpg,62.599228620529175,17.266167998313904
91a2b0cab16f44f29d8b3f8379c96cd2.jpg,55.21584212779999,11.243054419755936
91bc886d37784e3a9ef3d95cde9dcf7a.jpg,42.01896607875824,16.010153889656067
91e354bc05d04b7f80cdcf7c4d24efde.jpg,53.139967918395996,11.891985386610031
91ece8e2422c4cc4a1478a5555b2a025.jpg,56.115771532058716,-7.577042654156685
9210c9b6321c47198d7a95154e9904c8.jpg,53.96904408931732,-6.489913836121559
9215b0c7177f4eb1b7e7503ab7dfd32c.jpg,67.49685108661652,25.002133548259735
921edb1a69124df99d12bc16d8ad7880.jpg,49.59029495716095,12.715258598327637
926011f4d1fd4a12a357e86235e37335.jpg,48.88138711452484,6.5681491792202
92626219c3b34fe5ac9649c77cba5f9f.jpg,52.21001386642456,14.28524136543274
92cb7059de164a4c931b4fd4295fcbed.jpg,45.032304525375366,7.119237184524536
92d2d0ce297443e891b548b389587fa4.jpg,46.7255562543869,4.513320252299309
92f4cdd51bcc40e98f56854bb71e9253.jpg,45.944958329200745,2.7356158196926117
9302f9b544cb4cd9b3e5f283d618de06.jpg,53.79105806350708,13.542116582393646
932183b9745a4a0db766fba7d4d83c5a.jpg,50.89463710784912,12.655240148305893
9344966ce7f44c70bce48e26c4fe28c5.jpg,39.198060035705566,2.5982069224119186
93573be04cfc40758cc0d41fcdffad98.jpg,57.45544910430908,11.606485694646835
937bb8c0ad3d4089a011b6b478415480.jpg,56.721253395080566,14.075063467025757
943246d37eda4575b25c863217948fb4.jpg,62.09841728210449,-10.726412013173103
943dd4c51a8a46bda232a36963e427a0.jpg,46.918771862983704,12.9108265042305
945eb864f6244118ba158e07039eac4c.jpg,66.90545082092285,25.481084883213043
946d93381acc4371a2f31e048e8c452f.jpg,60.49694538116455,17.34831601381302
9485b0321fe04e18a09861ab197c8a60.jpg,58.226187229156494,-10.883071795105934
948e528cf8554d2c96bd37f04d459004.jpg,36.10576003789902,16.854121685028076
94ba348c54074d7585234b581c469322.jpg,61.5038788318634,7.841409221291542
9505e43711714abd9754d4fe6b8a5f46.jpg,46.59668147563934,9.858392179012299
952e399812794c3dac8db7e95bb6914c.jpg,48.15228760242462,9.662471562623978
95d156b142684f3ea74f48596f6664f6.jpg,54.862627387046814,11.815895140171051
95e22d8c168b46c7950178149b71d7db.jpg,63.72327268123627,22.794820368289948
95fe6ddafcd048b38f6fb7ac6eed23aa.jpg,51.012868881225586,8.459365367889404
9623556b768740aa8b7443406b90e7e2.jpg,57.143535017967224,19.290822744369507
965c0a387ea744bb8b9fbc9e39802e46.jpg,63.355783224105835,17.944136559963226
968d47bf5f114d219b7f5b2ca99e2007.jpg,54.16435718536377,11.790922433137894
96bb92a0e89849f29b8f9ee3c1890aaf.jpg,42.22701966762543,4.206820875406265
96c64e652b754ee1afe5d54e051ab5d5.jpg,50.678837299346924,1.0335684567689896
96d31edcf85847f5854ba0601802a215.jpg,66.74907803535461,16.219996511936188
970220d020e14277b7a5bab957bbf494.jpg,52.06372082233429,11.331127434968948
9727ea8055f7472a9b4fee9305fc7bc4.jpg,41.602448523044586,7.585022896528244
974b5739ce3c4fcaa40480d7da0c5e7a.jpg,60.260632038116455,17.520022988319397
9766975638f3441eb8912779b8d9b96d.jpg,49.06613230705261,3.7795161455869675
97cfcca9bfa2446693c8fd9fe087b7a9.jpg,51.46163463592529,7.879370525479317
9803183fa4e149fdaacf2c78390494a3.jpg,42.66867220401764,16.185782253742218
981d9e20973744c6b548e31c163124ef.jpg,52.84447431564331,5.921747535467148
9837e706bcf24b48a5ffcd06cc92bd3b.jpg,38.432015776634216,15.47206923365593
984760fc57ff47668d0295f141c3aedf.jpg,66.66398227214813,22.576703131198883
984aa5e990cd413c8bf2a2a3e64d73cd.jpg,44.930571019649506,15.77118381857872
98527d958c7447a98342243043a3d9e6.jpg,55.757997035980225,-16.575314104557037
985cf2781c0e43ca8844ab762f7dc5df.jpg,49.95328366756439,17.21991866827011
9879f667e9314855ae0831378fc73379.jpg,59.898598194122314,3.0875732749700546
988586848a874ad7aa5b14959493c83c.jpg,61.90575420856476,16.019383370876312
988935e9cc2d4ba5be4cf005fd79be2a.jpg,50.38883686065674,9.66621994972229
988988698cce443b9d191673fef20843.jpg,46.95258915424347,7.5893425941467285
988a5f043e134e618fa80db33b050168.jpg,46.16496384143829,8.394476026296616
989a3ed650a94f4c99c7e91f433cba23.jpg,46.75789833068848,21.360739767551422
98d38c21227f457481dd9183cd970b1e.jpg,43.255287408828735,6.92788302898407
98d6d37831a04531a41f3d4a4d8cae0a.jpg,66.59235119819641,-8.97484503686428
98df7ec3ffdc4a989cdfd6efd397b4ef.jpg,68.35800647735596,-25.122157037258148
98ee473b4a3645838e00294938b19afc.jpg,48.24188411235809,12.583645284175873
98ef20190f9f456c82efa0e7bba5cb2b.jpg,53.5214102268219,13.36948961019516
990f6f52844f4b74bffbb814d430689f.jpg,53.48091423511505,10.83753526210785
990fe57f58144d3ba87ea1a9e000fa7f.jpg,51.49716317653656,11.97835385799408
9918c4a5b0e94c79a672ba75b6884767.jpg,57.194480895996094,9.001154154539108
9929dd8714544a05a5a94ae0931d6ebe.jpg,48.15738916397095,21.589180827140808
992b2c24ee5e4b87a72fdc57d79160e5.jpg,53.226109743118286,10.211226046085358
994706daf88940dfab4e485e0a2ff57b.jpg,53.23371112346649,13.312031328678131
99494e774c1f4561baf5c2c15337aaa1.jpg,40.30837655067444,17.30684906244278
995bc6e862c34cb2a0feae05bfe9c6e5.jpg,45.566949248313904,7.597486451268196
99c0a092fabb4fbaab4fae321419100b.jpg,60.24346590042114,14.007911682128906
99c585918c284c91ba22623d71f16b22.jpg,43.25710326433182,9.241550490260124
99d0a0869bdc4906a1611e077fa05ee6.jpg,49.5074737071991,16.886461079120636
99db522b2fa24ca9b2e24b28660d890a.jpg,48.7773871421814,20.83224266767502
99e081234d9540a180277c2581c93e0d.jpg,52.660056352615356,13.62637147307396
99ed0e9837c84c998f919d53b933c3d1.jpg,45.637818574905396,14.21256959438324
99fdda905fe44ee6876fc372dd9d566a.jpg,54.516552686691284,19.840098917484283
9a09851f2a6f4296a5aacf8cf7855741.jpg,61.11189007759094,12.994516789913177
9a81cc31432a4acf883382b86c95e658.jpg,52.938212156295776,7.1646952629089355
9ab734bab0914457bd8a2771f5e40f37.jpg,39.802576303482056,23.125756680965424
9aee195f5b46463bb8a657d295760bb0.jpg,48.72069597244263,8.133943676948547
9b1ca65195974477a8ec02c31638eadf.jpg,47.38920986652374,14.06182810664177
9b23cbeebe2749dbaf045f85df5ed1b5.jpg,44.06881481409073,4.003357216715813
9b591ed1f40f4ac4aea92b4d1592086a.jpg,56.55943036079407,13.562088310718536
9b621969783f442299323db769abb967.jpg,58.93336772918701,17.997373044490814
9b93acf997444aee8d9e40b18f29b552.jpg,52.84899115562439,6.14460289478302
9ba8154393944bc4bbdca61f64dabf2c.jpg,62.925315499305725,-20.65839797258377
9bd0e17fe1874656993c826c3df50f83.jpg,68.19364607334137,-28.087103068828583
9bd29002591e4240b003f75e0770e0b0.jpg,56.04327142238617,14.340806007385254
9c1af1af56434455ac9fe5ae4fc825ac.jpg,42.54887402057648,5.60032032430172
9c1c813dae1d4f53b0914418052a35d8.jpg,46.76308572292328,21.28852665424347
9c5e1e18dd364eb3a7422c66828eb0df.jpg,60.75289785861969,12.408586889505386
9c683f3ba06646babee6f189f43fc440.jpg,47.53032624721527,12.81267911195755
9c79bb25b872434385989e9607aa526f.jpg,39.40938055515289,23.73111516237259
9c9c88625da24076b0110c30909a061e.jpg,56.65593087673187,5.379034727811813
9cd51fca41ae44e198317bdb667ff296.jpg,55.64170181751251,12.7264903485775
9d04ddc60143493b99eb228ce1d942cb.jpg,64.74380493164062,19.49520170688629
9d1b1b6e7743449087e81225198733de.jpg,60.77582538127899,15.452725142240524
9d257a46c14145728f7a29a3ae25d637.jpg,53.45922589302063,12.088060230016708
9d773241ce594dab8041fc22fbcd7fc2.jpg,67.81437635421753,-28.314978182315826
9d81ae31d9304d10bb6501e0c5dd31f7.jpg,57.378984689712524,13.006059676408768
9d82807efa014791b79da5e564e1aaea.jpg,56.958478689193726,-13.231728672981262
9d8e49ac30814ccebae3f33a84bf4742.jpg,54.71948862075806,13.928944766521454
9d934b143a654c9d951e1ef95af003b9.jpg,45.63766837120056,13.023590594530106
9d938564beda4cdb8d56509e2bdbafff.jpg,49.626365303993225,7.457890883088112
9d98e7836fd64f35857beaf78c407422.jpg,41.27673715353012,6.967904269695282
9d9fbabc1ff44a4ebfb3ddc6250e9caf.jpg,51.940505504608154,12.531555444002151
9da327b596ff4b1393312d1d6346083c.jpg,58.45455586910248,-1.0443723946809769
9db75f1b0b0845c8a27c598b554813ef.jpg,63.97195637226105,-2.444775179028511
9dbae72af79746b08ed0a976117b8b87.jpg,46.00527048110962,6.111672073602676
9dc19f580f884ad2801b25fd5c098e9a.jpg,68.47142100334167,23.0755752325058
9dc394fd776340b88db39c0e217ad6d8.jpg,48.23697566986084,10.516731664538383
9dda81748a5540c0907da94abe0f9c08.jpg,69.99530732631683,-22.466944456100464
9ddc7ccc36f74c00bab315680d981794.jpg,49.87841248512268,10.87715283036232
9dde831324e244da83d27fa1c90377e6.jpg,45.000134110450745,6.970892250537872
9e0f2dcc62524e2f9bdb110c16deff2b.jpg,53.29169511795044,12.664658725261688
9e1bc52dcb7c4b398664e6b9afa0548b.jpg,60.89813411235809,14.762657135725021
9e1fa0877d45480caa1e3f7df042ce25.jpg,44.46379691362381,8.454955816268921
9e2afee8124544aeb58d7feb062f4b5b.jpg,55.11691689491272,12.469353675842285
9e44e573ed684456be1da1ee1c28ac8c.jpg,47.450820207595825,12.292035520076752
9e6f8b9d1aff4bf2bdbd265b988dbdfa.jpg,60.96816122531891,19.108164310455322
9e8138f9035447c786a247fcc5425e5b.jpg,55.460379123687744,8.408626019954681
9e8984396c52479bbb9cc4588baa8bfe.jpg,65.18169164657593,-16.40456199645996
9e9b79d8337447e28e441b178bce70fb.jpg,50.52862286567688,10.290685817599297
9ea8e8664ecc415896a409e06cfb195f.jpg,53.56058120727539,11.190826445817947
9ec38fccf3cc46c18068ea0efb75b2b8.jpg,61.72941505908966,9.88721251487732
9eff45e7d3d046178207b91f94f6fcb3.jpg,50.79553484916687,4.225295931100845
9f05f02d0aee4659b20af6aaad45a120.jpg,51.051616072654724,12.665738314390182
9f6a980527d14ab7854c4adbce93de9f.jpg,57.13537573814392,11.254782378673553
9f952107996644338c4a5256312ce7a2.jpg,61.1736935377121,-8.483444228768349
9fe98f7d674d44b1bb0bbf4e72e4d433.jpg,42.03222692012787,13.253894448280334
a02f27fc6ea8448e830be1b991c6b11f.jpg,48.51581275463104,11.61878228187561
a04498f7f7c043328a179fbb77e6a129.jpg,51.50488793849945,12.870915234088898
a04ef5b1c17a4092b0c2475918b3ed97.jpg,64.31838512420654,15.002607554197311
a052b6d2a4d1461180c1b3c0e7b5951e.jpg,57.111268043518066,12.206090837717056
a0589e637a474c57beffcef89cf6f529.jpg,45.09311556816101,7.022004425525665
a0782c93e92744d699d8b0369d262d2a.jpg,48.17374527454376,26.76243782043457
a096ddf8d3114813ad2b34ce4b0f4ff5.jpg,48.18252146244049,4.280947744846344
a0b91bde6c7d4fc6a84d1d34a2a47c63.jpg,49.162729382514954,12.821200489997864
a0c13064d1cb435295e43bbae57c3e19.jpg,48.477312326431274,7.535075470805168
a0d6330f48824f4b970e48ab1f0ceda3.jpg,41.12627327442169,10.54567739367485
a0d7d702ab0e41ebb7fff27aced1811f.jpg,49.48520064353943,10.079335123300552
a0efd73d58f44fb19ba2e6eb0e21e4e6.jpg,55.37403881549835,13.197581470012665
a11020c1461a47de9448521fa94f8712.jpg,48.82119297981262,4.129093810915947
a11bcb992b4047e792b0cfed1b9b06b5.jpg,62.45303750038147,17.78126209974289
a136f16dd10243818fe60f8d86bf4003.jpg,50.446128845214844,10.217254310846329
a138e951783d48598df1c973f4a18ffd.jpg,63.85381042957306,19.27021935582161
a1a6ff39c90b43c091a37cc56636fa97.jpg,55.51590621471405,5.045371949672699
a1a736e36d6e40ad90dd72b1e6813fee.jpg,46.910360455513,8.769281879067421
a1ad707f334045fda13815534f93c49d.jpg,42.873292565345764,4.933459796011448
a1c7b4c2e48e44c18a205bad866fdcd5.jpg,37.80797839164734,26.856805980205536
a1c7f60d38ab44399df3d329fb4c11ca.jpg,50.9907191991806,6.556204631924629
a1eb55ae45cb4b96a53719a4f5424593.jpg,47.792168855667114,4.490246549248695
a2061f8c69ee48a7b49fe9450498bb92.jpg,46.84439420700073,10.720105469226837
a22e3af53ff347d6a0a863d7f67e2108.jpg,58.07704567909241,11.38600543141365
a23d96df881744728cc3ce9c6b505f45.jpg,47.10535168647766,7.712692022323608
a23df2f4464e44bfa3a07c4f5fbc11c1.jpg,48.2524573802948,6.855349391698837
a29ad5ff427f4a9ba96375af296ade63.jpg,43.83357435464859,11.596098840236664
a2e4e0088e3a4dabb39f01164c77fb6e.jpg,47.42625117301941,16.72256201505661
a312dc0c97c04de0b7c87ebbea29a2d3.jpg,51.16449952125549,6.277974396944046
a322930e30324ef390de92e7d24902e5.jpg,54.14088249206543,11.081224009394646
a358b9c02e3549b780bfea967d20cbde.jpg,46.376922726631165,19.724777340888977
a3751c44fce1418cab410e62904a9152.jpg,59.701793789863586,17.59156957268715
a3d170e27e2f48f091ba9488de5bf8f6.jpg,63.34267795085907,18.433681279420853
a3dfcca2e05e4ad79485e6341065a326.jpg,49.14754271507263,7.514747679233551
a3f4c15095fd4abeb17ef0861f451b61.jpg,48.681535720825195,11.72303169965744
a416a52cee704a2cae732e3e5d01a280.jpg,53.605701327323914,8.436837494373322
a41e9e97ea814bed84fdace880dc53d5.jpg,46.449347734451294,4.367613270878792
a44d615e5bae4ab4b35ecc77c9ca30c3.jpg,58.6684513092041,-13.472411334514618
a4585f9b459340239bfff82788b245e3.jpg,53.02746534347534,8.944212198257446
a4646a88c17c47cba255a10add12c7e3.jpg,40.25906950235367,14.315837323665619
a473ca9b58f94e95925049235c560a58.jpg,50.29542624950409,6.401873677968979
a4a948f3b5da4145924aa6b857bf4e25.jpg,59.34431433677673,17.920846939086914
a4bdc5c72680440a9eb0c322cb48073d.jpg,44.92651283740997,5.281461663544178
a4d55649d85d402a84d7b0f76f05f504.jpg,56.32694721221924,11.669954806566238
a4e3d52cc5ef4f4892fcf487970ba682.jpg,64.2377257347107,-22.907317578792572
a4f220ed07a64970b62634c6ecb12afb.jpg,52.187402844429016,20.06306290626526
a519612f80124172ad79c8ef32874ae4.jpg,58.264344334602356,16.7783385515213
a55099acd4664fe2bd63dcd9390d2b37.jpg,61.17953538894653,12.140588611364365
a5514fdc43ad409ea98286a8298043e9.jpg,46.79924726486206,1.7027326673269272
a55ecfa857104d29ad83fa5dd7e86be0.jpg,43.11213254928589,15.298384130001068
a568214595294ec0832e8e54f521db31.jpg,67.02963709831238,17.29420244693756
a57ed004485e4941bb77f522b776c6b3.jpg,61.761494278907776,18.9269757270813
a599146b14954eb58f680f6c5926fa61.jpg,40.010203421115875,12.733167707920074
a5ecc4f0682642fd97358926905fa535.jpg,48.18726360797882,5.571442320942879
a5efa4c604fc4a32a35860e1f6dd7d14.jpg,44.55920308828354,6.935357674956322
a600c9b09a9e489dbcee98a8d2f94984.jpg,48.12504172325134,8.603956550359726
a6146d1651504143a307f351a21e0973.jpg,58.51669192314148,6.447269394993782
a61d08700aa94349ac5427285fb40eea.jpg,43.82347583770752,14.33641254901886
a6558bd825d44b80918cff73a4de9729.jpg,43.19624662399292,5.765913873910904
a667ceb2e0a647af85f95101562d5e3c.jpg,41.37755334377289,12.479803562164307
a670304ab3984ba8b861c1175d7706bd.jpg,65.50091743469238,24.54643964767456
a71952c0cf014329ad29555692940974.jpg,45.90006351470947,5.459462441504002
a730c1c78e4942088a52bc067d2df57f.jpg,65.91058731079102,-10.992739275097847
a75cfc3df9d946c2be2c817a58f9e4b4.jpg,53.81385684013367,24.323910176753998
a76cd6483fbb4a239d102a19ecc1c9ba.jpg,58.73747527599335,2.019469365477562
a7d006996ffe4c1e8fc0516a2637243e.jpg,51.84477210044861,-3.299284055829048
a7e237794d0c432eb93989a03544d867.jpg,39.21303480863571,1.936032548546791
a7e602e57e7d410384c485cdc98a218c.jpg,59.21637833118439,5.536086782813072
a7ea3350993943c0b7b8c46c814f9514.jpg,48.55283260345459,2.863583341240883
a7fc6f9a62b24593b81ea27d2b981968.jpg,50.01197040081024,4.514099434018135
a87e8b583de448f4bdf874e1748f4b8d.jpg,61.33916437625885,16.642976850271225
a881d966d1184852ae8052c810891970.jpg,58.589213490486145,18.012933880090714
a8d5a528a20a416aba58aa85ac2863d3.jpg,54.08646047115326,8.544988185167313
a8ee2a43bc3341feae1fd0714a700979.jpg,50.67086577415466,6.122589334845543
a8f3631ae33945ca8867384c91eeed72.jpg,50.96449255943298,17.43818610906601
a8f6cab1031c47fc8da0bf969f634165.jpg,49.7968465089798,5.572304651141167
a9187fb4a19d45fbbb56737a6914646a.jpg,53.187432289123535,3.6863449215888977
a92c2c32e68c4d8798edc0f5b192bcfd.jpg,51.254128217697144,9.043622240424156
a95a0892b52242999ce41acc3467d719.jpg,67.76138663291931,-15.154403150081635
a988367946204e50bad3d426ba175381.jpg,50.89473903179169,19.05607581138611
a993ad713dc64ea2aedd474fe9ac8d48.jpg,51.81009650230408,13.654782772064209
a99519852dab4de58f6338437962ede9.jpg,65.87597608566284,20.9205624461174
a99942dc16ea4599bf9e4cc30029ecc9.jpg,55.64167499542236,8.167963474988937
a99ebb402b3f4b229f3ae57be3e7d00a.jpg,48.5855233669281,8.359797075390816
a9a0175df8774143a095b6445139b6e2.jpg,59.5084011554718,17.61134684085846
a9d2e1abf5814be589d3d71ccaa00ccf.jpg,52.04317510128021,6.59803032875061
a9d41c9697624b95b11ac707c6bac06f.jpg,48.56540143489838,8.943279460072517
a9d62e7a66c24366872bada967ff2657.jpg,48.04026782512665,10.58253563940525
aa2f639a7ee24734b3f2601823557f8b.jpg,49.674076437950134,8.514720126986504
aa3e599f5b5c40358b7c509f5c3e6f9a.jpg,58.906078934669495,23.477217257022858
aa61b7bfbe224572befc5afbaef25b86.jpg,51.27538740634918,7.04798698425293
aa738f4d529343ff8c9fdc0d41dc80d9.jpg,52.06402659416199,15.152438431978226
aa77ed9d1f384d27843105bf3c76e0c0.jpg,45.93736231327057,13.194593489170074
aaad496b70a94ad1929df0a99b0d920f.jpg,49.57558035850525,19.7927525639534
aabfebc834c74c33914eefb33f720f28.jpg,58.89195442199707,-19.436987042427063
aadf42f1fff34667bde273cc9ba33195.jpg,53.10369372367859,10.456955954432487
ab17ed58e3eb438c8b336ebfee674869.jpg,63.396499156951904,14.87011581659317
ab1a02bfba9944c5ae0a797e22356aa0.jpg,46.489988565444946,8.597240298986435
ab2336269d294c02ace4ffe5195dbd08.jpg,60.84470987319946,-3.8147027045488358
ab2584fd46b34b40b346cb3cd5337881.jpg,54.34988021850586,14.405989050865173
ab4d377d71cf4229a0a03765b270b77e.jpg,45.07057428359985,1.512010172009468
ab5e6e5e78544decb1a60dacf98db347.jpg,50.46839118003845,11.764158010482788
ab789cd264a04141bf70ea2f7437f39e.jpg,52.59725511074066,13.4454645216465
abbcbe01958b46fa887f5dacf6d61629.jpg,52.37648785114288,12.316001057624817
ac18fde09ec34b118de1ab9f3feeb480.jpg,58.45904588699341,4.954652935266495
ac23c659dddf4756b2153899f73ff3b3.jpg,52.45096206665039,11.594502925872803
ac4c72fc81614951974505aa0576815b.jpg,53.36590647697449,6.0937971621751785
ac5dcc0ae11347d08ae2df403cc34458.jpg,65.0747948884964,17.987636625766754
acb23230ceb64ed2b909b34378b68a34.jpg,59.21898543834686,18.820151388645172
acbf367a027e4041a8ea34afaa88b714.jpg,60.75287640094757,19.490046501159668
ad6c21668eea4c8f97d709c61385f0dc.jpg,63.46706807613373,16.289098262786865
ad7d0e037cec46d78006219c328c958e.jpg,47.253785133361816,3.921973630785942
ad892da0b50a4519a3553cd3171a1391.jpg,50.216644406318665,9.76929321885109
adca7afab5c84fe49ad7e88c488c9004.jpg,40.81271231174469,8.731731623411179
ae12e0107aea41689029dd4838ee0119.jpg,60.28772234916687,7.502634823322296
ae46b5e9e3224f82b237807a54289382.jpg,42.20779091119766,8.478144854307175
aee183f0b3664ea1aac45560714d3fa2.jpg,45.95922768115997,5.944394767284393
aef64841636045b4a0be4f138b2b2604.jpg,53.53780925273895,9.554352387785912
af2150f4e48145fb8224303e3df3484e.jpg,41.91986382007599,5.645001232624054
af3694501d4842bea6f14602c2d1a2ac.jpg,48.19534778594971,7.748895138502121
af5cf2f4ca2447409f8e56a40480c8d2.jpg,45.073041915893555,5.377180315554142
af6ee45db85a464b81b9610d7a8cc500.jpg,41.00435882806778,5.075147822499275
af745e63fd9b4c3dbd6d2e6064a32cc8.jpg,43.21551024913788,6.437217146158218
af9683a2570d43fbb0f764ae3a668541.jpg,49.47820007801056,11.472722589969635
afbd9939aa9f480d8f0d449cb000509a.jpg,47.53828704357147,0.47782883048057556
afd7f7cc0eea411994dda4f6855728c5.jpg,57.291308641433716,15.953733623027802
aff26a3252664bd3ad49b7b5edb73c26.jpg,51.772685050964355,1.6865656524896622
aff795b6ac374cd7b946b382d9da083a.jpg,58.669341802597046,-21.190183460712433
b02dff4df4534a67bb821c44fa35499b.jpg,46.46487236022949,17.517533898353577
b02fc57619974d5a8e8fcc7953efe779.jpg,56.44046902656555,13.59845370054245
b0ca58f89aa04629ac5f6c0d6958d4dd.jpg,46.879541873931885,10.742776840925217
b0e0ed8e510f4fa8a1d15a9dd9220b36.jpg,44.9200513958931,19.673957526683807
b0ecb965806347be8b06252ec1271d1c.jpg,57.60130226612091,9.969349801540375
b100b662fe9f404689be7865306a464d.jpg,60.300532579422,-13.713330030441284
b10fc3b638b74153ac7225fcc346082f.jpg,45.83972990512848,13.153484612703323
b115bd13c1e94801bc92d4a1418877f1.jpg,60.00002861022949,17.998917996883392
b1290c4a21f747b482cf966880910841.jpg,58.7186461687088,14.293937087059021
b13c8e59e9af445ba0161e1b14e45214.jpg,49.39596354961395,7.267822176218033
b146582776524f6da0b50006ee44ae9b.jpg,54.22324776649475,13.308520317077637
b17886a7150540ff8f8e80282e28c43b.jpg,50.008365511894226,10.94306543469429
b194f6a991874d57b287fd349bcb1c04.jpg,50.8812689781189,-2.8481069952249527
b1bdb71446b54afdb7ebacea761723d7.jpg,57.17987895011902,10.001905113458633
b1ea2a4b7458423a969c5758d1c15ff7.jpg,39.66520428657532,32.37017512321472
b1f8a08b27fc4b90be8df0ca2b91d832.jpg,57.13985502719879,5.960032716393471
b1ffdbfc2ea845d8a198aa9c6b3768c1.jpg,60.223445892333984,14.930470883846283
b20d279ba2f24436a7077d604c2cc6be.jpg,49.87423896789551,11.129206046462059
b213293b795644458fd3d00b50f6c80d.jpg,52.47021496295929,7.626310810446739
b24767353b124fde865fbc668e6d77c5.jpg,37.726197838783264,5.356611460447311
b25c2accfefb4b4cacc707f8d2eb6df5.jpg,53.545748591423035,9.074483066797256
b264260b88d9477987e1d62632de8d06.jpg,45.1863169670105,5.569680109620094
b276ccc6ef4043b7a1ffe9207c51acc8.jpg,60.48393666744232,6.637578159570694
b2ce3ce73f42443b813b9cf285d7ab0f.jpg,50.53877770900726,9.648347049951553
b2d4a8e411814eb1ace396b5bc56a958.jpg,52.749212980270386,8.087477758526802
b2d9f07d98314033a5640469473674b0.jpg,66.37315571308136,-17.60442405939102
b2de8763e29d46ff94d3717032cc8cf2.jpg,63.89493942260742,8.685615062713623
b2f9678a090a408e816d278730b7f006.jpg,42.61699140071869,5.228945016860962
b338d7f77fe549d98d13a3b35c527d37.jpg,65.69530248641968,14.402054250240326
b342d78fc75f4e5a9d2a800280bd9b3f.jpg,51.26963138580322,10.115355849266052
b366a48d227d4671b3f10711d5968dee.jpg,50.7754772901535,8.372584506869316
b3e814a81c494ca6aa12225e0dc3fd9a.jpg,58.1012499332428,20.741181671619415
b3f56fb9cf7a429c8f48683ff88d8a12.jpg,55.08719265460968,13.86132225394249
b428f9a1d60f4ffc8c960dffe7234e0e.jpg,58.0933803319931,10.478553771972656
b44d3d4363e941cc8e499b858bc08ab6.jpg,40.38504481315613,22.727475464344025
b458a9478c974e9ab5ccee3e2427eef1.jpg,54.565696120262146,16.315446943044662
b46ff1ae7f46485fa5c8ecfd4246eb9b.jpg,56.65717005729675,15.372122079133987
b4736407bf324b54a7d9b83c732a12e4.jpg,61.967042684555054,-23.27063888311386
b4ad04741ae04873a81e0a35d9edd883.jpg,56.32613718509674,15.277863889932632
b4ce46c1623048d9873c5be6a8caa67a.jpg,48.945706486701965,5.058177150785923
b4d25507067c4aaeac4b1a4ff66bff3f.jpg,43.99403214454651,0.9142604470252991
b4d852c0143a4da38f6c049abdfa3982.jpg,63.062424659729004,12.461146116256714
b4e4b00a34964e999c459cc2da64f27a.jpg,50.42344808578491,13.68492141366005
b4f34efcc94b46c991884ecfab9f078b.jpg,49.4376665353775,12.827727645635605
b4f41eea868942cda484ae046753fb44.jpg,55.215675830841064,19.12290170788765
b4f62ec1913e41fba8ec4c297ee1d09d.jpg,47.540003657341,28.00590455532074
b51cf6bac21141c28f9367084de358b3.jpg,45.531458258628845,5.012894421815872
b558e7b29de74c6cb9954adf26b8d733.jpg,42.702776491642,20.138671696186066
b55f9e6a59da4f2799218603245266fb.jpg,68.5387659072876,-31.356895565986633
b57d45d29d2246b7b844a1fc5e912ff5.jpg,47.64371395111084,9.914066791534424
b5ae095af0fb4abd8a746f623d880e70.jpg,46.147443652153015,4.86886952072382
b5d0722de57d4e249d4cc3c2fa8f47da.jpg,58.572481870651245,13.681324571371078
b5f260800cd64d489b88c1da506b38e0.jpg,58.21735203266144,18.013884723186493
b5f7295901b644689cdf7b3508c1570d.jpg,61.64652943611145,16.007286608219147
b6031f75e9f74c0db49f28519b1e825f.jpg,50.22279739379883,9.95473712682724
b63e09eb8cbf4937ae152ec84a76dbe5.jpg,54.461631774902344,14.682042002677917
b64b41d80671413199033bed6742bae3.jpg,48.3543062210083,3.309001699090004
b64e72a673ac4e45965b4f4218a715af.jpg,57.926809787750244,13.282741606235504
b6fbc5f6f7d74af889be50f9528bc98d.jpg,62.06407427787781,14.518847018480301
b712134b9df54701abb25eb4508808b1.jpg,56.22030258178711,15.030135065317154
b72fd9e0ebc64078b7e33c3d3819c40e.jpg,48.69442105293274,8.448728397488594
b739be3b43524fe999dbeb2560eb4672.jpg,46.31038248538971,7.10677295923233
b7568db344fb402e95c31c6210cafc14.jpg,46.340723633766174,20.94866931438446
b76abbdb334847728087e77f47e5a7e7.jpg,56.816434264183044,0.7308167964220047
b794e55425fb47238cbc5114840e794a.jpg,57.93743669986725,18.760748505592346
b7e081da8cc74b19bfea8e6494eaef84.jpg,51.82756841182709,10.144543647766113
b805cb4fcf3847e481655624bf256e10.jpg,47.22764432430267,12.90013924241066
b805cfd0515a4636a0be5394c327a41a.jpg,47.83051371574402,6.3413020223379135
b818ae74a0ee4c53860723e8ec677f82.jpg,58.65394592285156,9.077382534742355
b856ec4b3b384fb0b67960ff77c9c12b.jpg,71.22852802276611,26.418948769569397
b8643631309a445785e7085e09d3a9c7.jpg,56.166754961013794,-4.97864730656147
b872f2c358ca49ceaeb0d7637d6cf002.jpg,59.219194650650024,24.454008042812347
b879c471b4bd495bb82a2f7892d02e29.jpg,47.31655955314636,10.093488469719887
b87e3f3fa4d544d6bd25895490582adf.jpg,50.426135659217834,10.633451342582703
b8ab9051d63e4022b2b16868a10ceb55.jpg,42.44252175092697,8.179930821061134
b8ca7be7e17a4cebb8eaf8cd20e5c705.jpg,53.38351786136627,11.536661088466644
b8d4f52c58594966a87f6b56f82b5758.jpg,57.124303579330444,15.822051912546158
b8d67fc106b844bbb64b464ff0cbbf20.jpg,46.38660550117493,6.389419510960579
b8e51fe0ce3541a09d5b4b81a4753b7d.jpg,49.97297644615173,12.087483555078506
b90f66ea31c843b3872acaefd04ec24d.jpg,50.59705138206482,13.30942153930664
b920d58b06ac4612a4a99ca503850587.jpg,48.32192659378052,16.248735040426254
b9251259679244eb8e9088949f757852.jpg,64.46795582771301,-7.694660201668739
b9268655fdd3491caa0f47cc78c11c38.jpg,58.739808797836304,16.369253396987915
b92b29bb845648e4a7b21d5710259dcd.jpg,43.33984673023224,10.576561689376831
b97b6ab35d8a48059671713269fbf8cb.jpg,56.388675570487976,-0.32788731157779694
b97da68a64f74a419073a1381fb7dadd.jpg,47.747703194618225,3.699375092983246
b9887c5233044d8aa0b1fad65bc4708f.jpg,64.05365109443665,-9.309647753834724
b9b927fbadd64006a6ef2760778ab8cc.jpg,37.675514817237854,19.745497405529022
b9dbcd2997ad441d964daa9cb432369f.jpg,59.04493689537048,16.026692390441895
b9effefcce0546a69916e0d0a164b803.jpg,61.561530232429504,16.98739528656006
ba130678b64543ca9d58b6dee8171be2.jpg,53.21200132369995,14.623068273067474
ba1f66159cf0442c87d34ef5b009594c.jpg,58.73783469200134,14.240158796310425
ba244444cbb94f6a872b61de7627256d.jpg,41.70228838920593,21.289878487586975
ba4f72cde60f4c22854b8633ff23d07f.jpg,63.261932730674744,-11.461296379566193
ba54961e9d1b4710a4c0b63f5eb350e5.jpg,43.06214153766632,24.59543287754059
ba5fd2c0001a47debbf5da43b9e4a6b4.jpg,50.514755845069885,8.083213046193123
ba6d39503f634087a55b9f6723af8b48.jpg,43.64425599575043,5.150359980762005
ba98708ed80f4188b0efaeea9d70b7a9.jpg,57.66951620578766,5.5405449494719505
bac4d9cdd96240e79a6104cdd4beccd6.jpg,49.25624191761017,13.488908261060715
badd95e4bd494a6e9c5259dd52aa4d13.jpg,47.02866733074188,23.547075390815735
bb08ddf87a5444388f07bf908c01512b.jpg,54.338260889053345,1.3564326614141464
bb584c782ed04d6f99800732838b0ea3.jpg,51.446115374565125,11.589169353246689
bb5c2084528d45efb3e4418363ba7f44.jpg,48.81446063518524,5.014685466885567
bb697597fe884d328b76f1a0b66131b0.jpg,48.55430245399475,12.11409106850624
bb70e8f36e3b4b128790c2b1525de2bb.jpg,54.91569757461548,2.206949070096016
bbae1c411f20475ea631df28a2f98366.jpg,52.909786105155945,23.794077336788177
bbb9a970518f42d38a4798ac9cf6ee64.jpg,55.48469066619873,-5.687294974923134
bbee3449040b41ac836d20ab89480462.jpg,55.287601947784424,13.789003193378448
bbfdbc4e64cf41ff8e10103b9f03af96.jpg,55.70587635040283,-15.338375866413116
bc5e7040176342e092fd9f3a68143deb.jpg,50.394383668899536,10.346698388457298
bc7aa93e5dde4793aeb4480036765349.jpg,61.053621768951416,16.448540836572647
bc8729bd9c77416791c4b50bf1449516.jpg,58.588204979896545,14.651621729135513
bd622086d79f4ea9914e809045b7dce8.jpg,68.7831312417984,-25.52395462989807
bd72d55f183e46c48532279fa944db05.jpg,46.39480233192444,11.226283237338066
bd808793081d4d9e83ead7091eb044ef.jpg,60.273131132125854,14.764074683189392
bd8bdc7e2c1f4780bbf1dad35b571e47.jpg,61.70040428638458,10.077713057398796
bd8f2a127a974a0d96b0456c3489c73a.jpg,49.42794620990753,8.961568772792816
bdb26d0e4272403bb2c5bc2cb73d4c36.jpg,67.48545706272125,-27.802826464176178
bdc142f9377b4fea8a40591b754f9b5d.jpg,52.198158502578735,7.705501690506935
bdea84f72a5143d9b51f6292c515f2d9.jpg,64.59399819374084,-17.953733503818512
bded5e8fe0ad4058a72de1cd5b7d849b.jpg,42.47394919395447,4.991598017513752
bdf9dc8b89684928888deb834fa1ce28.jpg,54.98176574707031,12.784827053546906
be1be448897847baaf1dff7e9dfad65b.jpg,53.178720474243164,16.146348416805267
be22d4609ec24b0e857fa101e678de63.jpg,54.97038245201111,13.161959052085876
be604337ce8040e9b784774798efb88b.jpg,44.31123286485672,13.032871037721634
be62c15df4d34d28ab3196363d248866.jpg,41.27881586551666,3.276887610554695
be6c887dfb7b448283297ec51e0b644c.jpg,46.43687546253204,8.064638078212738
be7a8386592b411aaef552bf587c651c.jpg,60.83378791809082,-2.0992691069841385
be850fd5dc2743f3838eed8fa90a5797.jpg,51.28088593482971,5.937565863132477
be870c8b66d5491d9fc476aaab7d5d82.jpg,53.780913949012756,24.64018017053604
be9ec0560c34492ea4eb8d51aa319990.jpg,41.06150597333908,9.231758415699005
bec50e38fe5b4304b48d9a4e98af12c7.jpg,52.23029673099518,9.230816960334778
becd939f8964479ba6e143131e624605.jpg,44.851550459861755,6.85166671872139
bf060920253a401a8f521aabf31ebd1a.jpg,44.19528901576996,4.514334127306938
bf3be6e309284860a96f683ffdb71a69.jpg,47.6452910900116,3.583701476454735
bf560ddd6e674d7c9f7b947aab3b54da.jpg,52.80082941055298,-7.386426106095314
bf78f50fb4a64f6fa3b560e3abed7f33.jpg,45.18293738365173,11.526000648736954
bf7df99ce6e04bf0871115b98694a9f2.jpg,59.720284938812256,16.764718294143677
bf848983faec413fa51192aac004003e.jpg,52.75313436985016,11.26970887184143
bf89b99bff044ccfacfca33fb9fa3487.jpg,60.51941156387329,19.18548434972763
bf99007a862046eaad9f5a4cd1869c8d.jpg,39.56842482089996,26.459366977214813
bffac6a720974790b052aa3a8e807283.jpg,60.81884264945984,11.846803575754166
c02dc43f82e349db87102f904e6cd411.jpg,54.14731979370117,12.709576338529587
c05be9b884994fbda69b94cde6b758a2.jpg,54.321051836013794,17.217864096164703
c05ef733bf014c1289b781b68d435035.jpg,72.48488545417786,15.016450434923172
c0928075c386492dac2a2f9f6a58ce93.jpg,41.85079425573349,13.485594391822815
c09ef0b47f934d8b86acc954e484184b.jpg,50.24698555469513,15.623762905597687
c0dd1f2f9c5d42e0ba1845a0f1b39536.jpg,57.36341178417206,-14.08610612154007
c0deda643fcf4187810a79b5ed969bc6.jpg,48.539732694625854,24.740384817123413
c0e1ccf199444c73a6e47abf924a5efd.jpg,68.940469622612,-34.12908732891083
c0e3afc0f329472aba27d8940d3af9ba.jpg,64.76003766059875,-26.96708768606186
c0e798c4405e4f6da17b322ceaa1197f.jpg,48.88748645782471,13.288343399763107
c0ecd84e37bd45ec93184a6313bab6c9.jpg,47.07538604736328,11.169326528906822
c0f378bd79124a1a92ef83e8b16c2408.jpg,55.49687325954437,11.16909921169281
c11921bf78444085a6ef18a4172c0952.jpg,44.35536593198776,13.874123096466064
c126eeddeffc4795a07448bbce943588.jpg,57.93997943401337,12.035307884216309
c1456e327e374a78991f3292e75d12d7.jpg,57.40772187709808,14.533098936080933
c1584feb0d6f42bdba9fdd6107bae011.jpg,51.753190755844116,17.142719328403473
c16a7828c50344f9af06e767b755eeef.jpg,63.32590341567993,18.159257769584656
c18a6c5a8a594ead98bce3be8eb06873.jpg,55.7354611158371,8.521414250135422
c1958ed9d9854b548ab7fcb7e05d5c79.jpg,47.43875563144684,9.733824357390404
c1a785be197047bca8af82a54c6b12b8.jpg,49.69144642353058,6.995252072811127
c1b3b5955a534fe080327c7bd8879032.jpg,56.05172038078308,13.36747258901596
c1bdde92d294403e8405757569ebdf55.jpg,52.964181303977966,-4.863829985260963
c1db58834f944dcd8376fd37b4595ec2.jpg,44.05746102333069,5.961236357688904
c1ec190eee5443bc8c94de772d160a58.jpg,54.727492332458496,13.558298349380493
c20cd81802614c6da8cd444c822a47dc.jpg,43.30285906791687,1.9610535353422165
c20f4189bb3d4bb0960c8a060cef0118.jpg,59.1633939743042,17.84063011407852
c218913eccef4d93bf1f17c5b7fde013.jpg,55.3527045249939,9.896175116300583
c24dbb5233fc42648e2770d573b2d3c6.jpg,48.22592496871948,5.013463385403156
c25619dc215b4f2d94376ad737e98233.jpg,51.42332196235657,-8.32696683704853
c26ff90cc537439786da5892cad8b029.jpg,52.64817953109741,7.558862641453743
c2a84c9c9d2541d39a1d5bddbf40aa48.jpg,49.45568561553955,14.671860337257385
c2b5aef45893493399205f2f69a02074.jpg,50.63176989555359,11.286621540784836
c2cb89ac4aec44409d316db1140c9b93.jpg,63.4790575504303,5.401512645184994
c2e01d72333f458585ec0b7f6e67a73a.jpg,59.903361797332764,1.7617781460285187
c2e5473c12364d828ec4e8dde7251e4e.jpg,47.921762466430664,13.929289430379868
c2e7f46f3eb845daadd8dbeb631a12d7.jpg,46.94036364555359,8.02359089255333
c30ae75531454a84b726dae65be59877.jpg,45.57580590248108,7.963298857212067
c31f75d5de214183b6d6915bcbccb039.jpg,54.497782588005066,13.465833216905594
c321fd6b91214eb0a70a0a88d1d0223e.jpg,71.49493038654327,-28.52009207010269
c3749894984c473f8a46927ed409102a.jpg,63.79512906074524,13.750375360250473
c3aefa539e07469497c425e2d86d4c37.jpg,61.78255498409271,5.329592563211918
c3f3dd807fc742348bebd135c09b52ae.jpg,67.42593884468079,-26.94431036710739
c3f7458339b346e28adf084e8bf1135c.jpg,53.65049958229065,20.229011178016663
c40330efe204462da3896a72e49d59ce.jpg,44.63201701641083,5.761939510703087
c4445ff1f9d243b98adbfcc724a10bd3.jpg,53.02698254585266,14.519103169441223
c44e522387b843989e6f84088f2cb263.jpg,50.577653646469116,6.517641171813011
c45390cb5f0b42c1a7dcfaa2aa34d2bc.jpg,43.78202497959137,6.136151924729347
c459a3eaaa904a07b26403b32bc53f90.jpg,44.109090864658356,11.14264726638794
c45ac30e9c61464d8ffeb81e65fa7b70.jpg,55.04997432231903,13.46985787153244
c4805a924bac4358b35e1fe7061f29f1.jpg,61.13189935684204,19.546850323677063
c51577bad4d34d41838c937f11b35650.jpg,51.042099595069885,8.905351012945175
c5268285a95a41acb7bf134ba68322a3.jpg,64.92065370082855,11.92833736538887
c5362a6e8870468bb8ac743bea2a783e.jpg,55.403462648391724,11.57348781824112
c5399edadeed460398fe2579e7ea8d23.jpg,39.793617725372314,9.737706184387207
c562ff84a6ce49a5b3ee20acae6aef1c.jpg,63.73166263103485,15.65987080335617
c56d4d958a6246f9a085f75ed9f90b73.jpg,39.92043524980545,8.537057563662529
c59f724b43f1407ab54bc1e0d161fe24.jpg,56.06043756008148,0.10138280689716339
c5db59d04ffb4eb4a53d560f46442777.jpg,45.425822138786316,16.61996215581894
c5e0a5d022544b069fd3aaa7ebc3318a.jpg,55.28703331947327,5.687408298254013
c5f22384aba5407a8c5481531bd1ac17.jpg,56.05106055736542,10.702680498361588
c5f52f3790e14e389105b331f50653f2.jpg,53.97658109664917,13.249836266040802
c6210641f2f24eb6869d16125872f6b1.jpg,60.79786241054535,13.975765407085419
c62bc5c0f36b49408ab8e7a127aafe82.jpg,55.29790163040161,7.13224858045578
c63874e5363a4b73a9f9d0244cb61874.jpg,46.6504168510437,11.841991692781448
c646e8f46b78423589363f7c86a2e425.jpg,50.701249837875366,12.285037636756897
c65757b1cd1e41cd919992bd64c326ce.jpg,52.046849727630615,0.8853160589933395
c66f342eba9648c0af0dbcc33caba14c.jpg,47.49934136867523,9.986041858792305
c684ae27ff3e4a218ca403fb513c3f0a.jpg,56.88071608543396,10.974373519420624
c68e77681d244075a195ecba338138e8.jpg,63.19533884525299,-15.640980005264282
c693dc7271f349b98b56cb1ec229530b.jpg,51.64948046207428,10.211911350488663
c6a62c08abe64ca3bf809f4a177c33c2.jpg,55.894049406051636,10.540897026658058
c6b03dcc37344d43abbc95df43d59eaa.jpg,51.86598300933838,9.165240302681923
c6d93f5be3a943c1bd4a0bc4fc26e150.jpg,54.710052609443665,12.870380133390427
c6e26335ccaf415eb35e585dca5257ed.jpg,49.2340224981308,16.352097988128662
c7023c598f6d49f2bffe28e1d5182bd1.jpg,52.14387595653534,11.912399679422379
c722999c3b9646e68e387c26a41e7783.jpg,54.21125292778015,16.64875164628029
c7364dcf1f92448f849ff6f96cb3c3be.jpg,55.4111123085022,13.264117687940598
c7607f340ee2478bbde22aa58819cfc6.jpg,46.32436752319336,-1.4380482584238052
c7c03c01c3ae4fae9afc8d7ee6513575.jpg,64.65572118759155,-24.89535480737686
c7ee8da33d3e47da990106b3636a7979.jpg,45.01605033874512,9.397996366024017
c7fb4752a51b409da76e6d571be5daad.jpg,60.8847713470459,12.04727590084076
c7fb7f496039466db1a0c6bed66e6dfd.jpg,63.59018683433533,25.488316118717194
c81953942c814f25944da805d0001e37.jpg,50.44573724269867,3.9329800754785538
c83b95ccd7da4303a8a0b960304d1176.jpg,52.44215369224548,5.808025225996971
c85abc33b90840e08d17a6283ff7b657.jpg,45.054534673690796,13.678390234708786
c86f50b6b3d14d1791d937a574d8cde6.jpg,60.326024293899536,14.70135122537613
c886d1d0d0f241a6b601d50f1e951e06.jpg,45.75423717498779,10.810909643769264
c8951fc0415b420aa2678d3cab59c87f.jpg,45.86186349391937,9.153350740671158
c8a6a342c82b465c9759f4752661346c.jpg,66.15596652030945,20.252995491027832
c8be011a49d040d8ab4c57e16d2d9cd5.jpg,47.52587378025055,11.601376086473465
c8c15231f04a4a1bad6fc99c98fe0479.jpg,59.91471290588379,-18.84291797876358
c8ceeee2790a487695baf42d90be4be8.jpg,63.8565731048584,22.223721742630005
c8eb7bae9d8e4aa48c2138b7f3bda076.jpg,44.34738904237747,14.08189371228218
c94656d771c444158dd7842b405790f5.jpg,55.67197322845459,19.195623099803925
c96876f0d2154d7688097aa2b1eb93b0.jpg,57.61148393154144,9.779308587312698
c97d9383b48d4c3a823f431eb665e661.jpg,51.187191009521484,10.669033527374268
c9b030b59541402a8cf1e5c4f8cd6038.jpg,56.274134516716,5.7242269814014435
c9b14c2492cb46ada14cd3ea6f84a498.jpg,49.67475771903992,9.610625132918358
c9cc9ea5a8834347b7d006c882132377.jpg,60.91589570045471,12.267013192176819
ca1eab62bfdb446e8213f8ba7cd38fee.jpg,53.57390642166138,11.076743379235268
ca2319c67ad94b269e3affd46374ee9b.jpg,58.93466591835022,14.949620515108109
ca2c9239edc34eae8e9225b26c3feffb.jpg,60.374518632888794,4.626313671469688
ca38314146714b2bbc2303f35f01327a.jpg,58.77144813537598,12.889234721660614
ca406fd3807a4b7b957d92a365dba73c.jpg,53.956212401390076,-8.585364148020744
ca40edf8c8aa426195524b65562001db.jpg,60.770766735076904,14.871902167797089
ca4424283363427b9edbaec6211c541d.jpg,49.24969732761383,6.964169293642044
ca85d8e35fb649889aec6c79b906b878.jpg,40.61541169881821,9.501552432775497
cadd3d7a221e41a8a9d5ab3d58c93ae4.jpg,50.814133286476135,10.561712309718132
cae3b96d6c5d4b3c91cc21133e576417.jpg,58.88252377510071,-19.202540516853333
caf0dd0feb07444496e3b88f5dbd3ab2.jpg,44.19479548931122,13.143457174301147
cb34f6f93db8452aa433aa5d1bfdfac6.jpg,49.506234526634216,10.703140497207642
cb7740e013dd47f1b7b31f1705d2556b.jpg,47.41529166698456,7.744157016277313
cb7c8198fcce49219cb7819eff665866.jpg,44.11359429359436,14.939802289009094
cb82289426714d008d8170bdcec73f9f.jpg,58.91749978065491,15.138008147478104
cb9969637bf347c5a3b75a95fe273b96.jpg,54.248878955841064,12.781588286161423
cba0a4a660f6498393ba0c2dcc9ba6de.jpg,68.49428951740265,23.29340547323227
cbdf5c74100845f38bed5256268eb4d0.jpg,65.8793181180954,11.32552295923233
cbf6695ac3e1453fa7a63516539129f6.jpg,61.08776092529297,8.536831587553024
cbffced5a76c4b0299039c4ce87cee7e.jpg,55.853338837623596,8.40924896299839
cc5c0005761f4c64b4a549e76174f5ca.jpg,65.43861508369446,11.453139781951904
cc644ee7b5104261968bcbd4106914b2.jpg,52.33485996723175,11.33140504360199
cc67af16b9964b3383b374460dc0bf39.jpg,41.85084521770477,0.13997644186019897
cc96282f0de34d149057049763bad088.jpg,59.38941836357117,18.3943909406662
ccca4ee84c4e4f279a83cefd06d5e15b.jpg,37.89545863866806,16.98435366153717
ccca7cabce9b4ede931a76ab180fefa8.jpg,55.56859016418457,13.048167675733566
ccdf3e72437f42cf8f5b750ee09c33be.jpg,59.82425272464752,15.861063301563263
cd1318b7f7dc4bba9d4895161a950dba.jpg,50.16688942909241,-0.47870926558971405
cd2d7f4a70214855b2d7831143dbb65f.jpg,61.33923411369324,15.613224506378174
cd49c9c772494f2a8fd3f3c04490ac4e.jpg,55.085084438323975,-1.2797429412603378
cd4f69d6d06548218bc7d5f501ffd6a2.jpg,59.65756952762604,15.143989473581314
cd52c60e97604e479e5b0eb8d4f55459.jpg,57.55970656871796,11.428124159574509
cd686ef388d24563a83b72e1cbb79e1b.jpg,54.82557535171509,14.641967117786407
cd747c17e7ac443283fce19880db5d8a.jpg,51.67693555355072,8.36967296898365
cd7ce9fd3e8f4dc788dd1265ad272525.jpg,53.934513330459595,6.614671424031258
cd88ff8ddf73486290f1789966ab96fb.jpg,55.176976919174194,16.724131107330322
cd8ab7b7460f460ab9666f4202cacbb7.jpg,51.57563924789429,17.81655728816986
cdafdb52393e4a56a200aa113f2e6f10.jpg,49.442843198776245,3.1468916684389114
cdf61c3ab975412ca58663fdc9444425.jpg,43.10643553733826,8.040368780493736
ce8624a8a00a4699a1891a21f4cb8019.jpg,51.38072311878204,12.218567132949829
ce9d3412fbc9496eab5120920ce0b306.jpg,49.15690362453461,18.806568682193756
ced131e6a3ca41e9b3e7976f2ddc6b15.jpg,51.690051555633545,10.856886729598045
cee5ad2b55604372a61ecaf26759e187.jpg,59.12945866584778,-5.576758459210396
cf0a07e61f4d4bad80e45a36f83be7ac.jpg,57.760486006736755,27.039271295070648
cf1f33b48e5542f0ab590dadafcf6121.jpg,54.3128764629364,12.706462293863297
cf6d9d1b801048779558f1afff5f6b18.jpg,42.19129800796509,6.61405049264431
cf702599a88843a6a523747ea1a2501d.jpg,50.526466369628906,12.917947769165039
cf92259142bc46f8a73cf905d63d868d.jpg,47.6948744058609,10.988795757293701
cf9b0829461a4749aebe60ba1670a7d0.jpg,51.686832904815674,0.4202451556921005
cff54e7ec4254a3480331fc73678cefd.jpg,69.18922305107117,-25.962246358394623
d018267b1f504e979ce9d2afd5b30e98.jpg,44.3771293759346,9.115660339593887
d01a989ad619479a9295c77ecd2b258c.jpg,56.99503719806671,13.532243371009827
d03ed9db1f0f4681b995180a4376d642.jpg,53.545013666152954,10.84131047129631
d07c936c6bb14c798b6c45bc0b45fdc4.jpg,46.870556473731995,8.369231075048447
d08459f74736458284d1c47f67f190dd.jpg,42.37055003643036,9.685291796922684
d0892a1f80b54b7fa3baca242f1d2894.jpg,62.6974081993103,-22.63321727514267
d093248b09294b1a80d162af5eaf9df7.jpg,59.15112555027008,16.2007999420166
d0a6c5b2d05a4ec09fbf0f6cde0f8c4c.jpg,57.40164935588837,13.121727257966995
d0a8edb20fb04c6b8c2af5d810af3a6d.jpg,45.35912096500397,11.115016490221024
d0c358444dc34d7aa37784c58f7d6999.jpg,51.72069847583771,7.4334003031253815
d0d341627ca847f7b9214f6798d206f6.jpg,50.036099553108215,9.700166657567024
d11bfa826eb94e9ca4513fe8312cf249.jpg,47.64587044715881,10.973936319351196
d12513e26eba4dd6a0be69cf1b5e18eb.jpg,53.359190225601196,8.73667761683464
d1431bce51f046d6b7b7192a5ff46148.jpg,48.65974545478821,10.940597802400589
d15758c267584d82a198f0009d52aa6c.jpg,64.74289298057556,-11.497331857681274
d16b4d771d2d44c3a3ff9a005d4464cb.jpg,41.99907213449478,11.379019618034363
d1945d1bb8774f7faf60ff4c375189d6.jpg,57.09917664527893,-11.134413555264473
d1accd26722941b99cca3047078ad6e1.jpg,50.16088664531708,9.90141548216343
d1af02d0007d41cea0bc7f444592a050.jpg,64.49548602104187,18.99935245513916
d1fcadb6c9af464092f87f39c18aa3c5.jpg,54.868812561035156,11.027703881263733
d20b3dcca64240bbbc208f541f7c07b0.jpg,47.844557762145996,12.785818129777908
d27d8404a0b143beaea33dc57a876e90.jpg,56.26702666282654,2.168368175625801
d2a93dc2e5304bf1a5e3c140d0ac344f.jpg,53.179911375045776,9.902739822864532
d2e082e5b0a047bab7920aa943ed5e4d.jpg,67.05523610115051,24.84734058380127
d2e0fc48777f46b5946b1bff3977d854.jpg,46.69335901737213,20.61204269528389
d306826a432d4877ae443a89877079db.jpg,48.15160632133484,7.691836506128311
d33d287c838e4ebdbe50da4b87e24378.jpg,46.874821186065674,31.489388644695282
d3511915822647d3abb630f4e809b7cc.jpg,62.742270827293396,15.90684324502945
d358467ae11c4e18a176c9fc81923ff2.jpg,53.45092177391052,15.20832896232605
d35d902b9d94454085ad28bd646d9d61.jpg,56.16567134857178,7.495670467615128
d38906e8987a49e0bae493f36791eba7.jpg,48.88844132423401,4.28999550640583
d38be92a66ed46ae8d51df15ca3b9d6e.jpg,56.580968499183655,14.018758535385132
d39a67446b5347c5a37e6160126dda01.jpg,50.63468277454376,27.466885149478912
d3a83ee03bcb40dcbb20e4562067539e.jpg,59.71376180648804,20.422909408807755
d3b9bcdf463b4371aa02a152312d2ac9.jpg,38.12176465988159,25.447600185871124
d3ee085ae3c34626ab6980803dd0e101.jpg,51.98307752609253,12.12859109044075
d3f380c5945c4060bd806e3ff52f63b1.jpg,54.150500893592834,14.92636039853096
d3fa1ab061994e26ad730f5b90b70a9d.jpg,51.94311261177063,15.890953838825226
d4074f3708454d73b8eafbb6365ad6c8.jpg,51.19757652282715,15.970164835453033
d40ae9fcfdf04538a03f6024fd34de0a.jpg,57.78167545795441,15.898737609386444
d41c87b51f194aecbcd9ecd2a16d163a.jpg,49.3029123544693,8.411388024687767
d420098589ec4cbba3c383f033bec51b.jpg,42.71481156349182,10.339690446853638
d433c7a9cbb144b782acffcb0df4b396.jpg,50.72308838367462,6.883304715156555
d435b88bc1d84d989a8cff36e6eeccce.jpg,43.03539723157883,5.094742029905319
d44bd281a0804bb1b043cd3f81c75e11.jpg,54.12167251110077,15.652180910110474
d44ebd126f284964a20da6b1ba377530.jpg,56.19931161403656,-10.68342961370945
d47258ba0ab44fb6ad3bf0f4cd58a086.jpg,57.74334132671356,-6.013094857335091
d478d92dc0da42e9bae007e8f4354eef.jpg,65.3212308883667,9.727641195058823
d4c09cf5b2be46f28c5f56d557aa455f.jpg,56.851404905319214,17.84242182970047
d4fcad54cf734387b77c12dd936c3b4e.jpg,40.80647349357605,22.029696106910706
d5166d57a1db451c9a841940d7a17623.jpg,46.34552478790283,11.3864466547966
d548ff4d98124beeacacb79eaefa86fc.jpg,54.30511951446533,13.97178903222084
d5586a5e4805465081f874e819703f99.jpg,41.52038097381592,18.1155364215374
d57dc31068e54de4a613b59073433a5e.jpg,44.22033816576004,10.054713115096092
d5839cc22ba447dea1fd28b5ff12908e.jpg,48.68421256542206,8.52471336722374
d58de3af9da249b8b2933763ccfed48d.jpg,49.650081396102905,6.110626012086868
d5c80bc986b54ecb99a901c08ed50662.jpg,70.98208665847778,-30.126158595085144
d605d54f5d924c7ea9370fd3fccbd344.jpg,56.90417468547821,11.372606456279755
d6a898c1ce3045479c51bee618e600b8.jpg,50.12917220592499,11.92504495382309
d6bbf93400164c8991173d4b0735d56c.jpg,49.02956306934357,13.759875744581223
d6cffba82a3d45cea69be4f6cd9d02d8.jpg,62.1700644493103,15.223219245672226
d6d7a61d88064e25b2b05363daa5fff5.jpg,56.08428776264191,4.56965334713459
d6f87287c6f34291bbfc42c40f979824.jpg,56.46319806575775,-3.8961171358823776
d70c2c8d92534ef6990352fc8a3f1150.jpg,44.887108504772186,6.0245465487241745
d71006de5a5849288d06565eefac2622.jpg,48.94486427307129,12.709090858697891
d76453be7a73474d8e145c6f5a3954db.jpg,44.45714235305786,15.610594600439072
d76bf286bd9340458cb11929b5643bb4.jpg,50.16129434108734,14.447608888149261
d78af259b3c1414b90b911cd38940be4.jpg,58.06826949119568,11.267171502113342
d79fba6525b64e9f8b1ad724af057232.jpg,46.566157937049866,7.026462256908417
d7d12570746f4db29c59f2e441000822.jpg,53.219425678253174,11.409839540719986
d7e31ebc8aa74898ad093471cafa6661.jpg,59.85445976257324,16.36854261159897
d7f36c9085d940c4b1f5f9cf7eb331cb.jpg,57.19183087348938,31.244696080684662
d8102566b0d14b5e95b3b2687152aa97.jpg,67.13591158390045,-16.721966564655304
d83597cb5de5461dbc9807d3b1b09bee.jpg,63.73371720314026,24.686188101768494
d8488fd3668441d8a8cf4604957156a1.jpg,55.3412139415741,13.381906896829605
d852df00d3b64d1c87a721a471c14fd0.jpg,52.77207612991333,12.843095362186432
d85e768be9af44dca063c5b7c40f93df.jpg,51.65871798992157,4.764464534819126
d88e23f5ec04484185483b240edbd8a4.jpg,44.06525284051895,13.458540290594101
d8b7339ee2914f4cb704ade7b55fd1f5.jpg,67.4411416053772,-24.34642732143402
d8b9260c9e6d47aaa45c9c4db373d542.jpg,52.59698152542114,14.848169982433319
d8d57bff16b84fb09294b9ff82138900.jpg,51.01621091365814,11.126537919044495
d8e7141a0b58414689d67c3192e066a1.jpg,60.1693457365036,-7.094647362828255
d91e0b6468414e24957ef50c244d4c77.jpg,46.45613372325897,10.74034072458744
d9339ef33cf04a5083105cec7b1ec776.jpg,33.63158315420151,18.167594075202942
d94aca8b07fd4c3f9638330ed7007bed.jpg,59.3407416343689,13.69457870721817
d96cdc232c2d4e2da2575276b96fd11b.jpg,54.50999736785889,13.943332135677338
d97dccc7d2c441dab388ed3769def050.jpg,47.6068389415741,10.997552499175072
d9871ad406d04000a074afe6a8cbaadc.jpg,66.73862278461456,9.798111543059349
d9c3e2ad0ccc49c4a70030b67daaba13.jpg,55.34559667110443,-15.375924110412598
d9c7ffdf980c4a4083366b55d8133ee3.jpg,57.928778529167175,20.201684832572937
d9d8d162595d4d30bf25d673fede28ab.jpg,50.24069309234619,18.249101042747498
d9eb490127d842099f65a6101c14d2a9.jpg,53.89995574951172,13.477107882499695
da11a69e9832479cb285af2879c866e6.jpg,48.26268196105957,18.28442171216011
da132e580e434d40997ea221a7523a2b.jpg,59.97181713581085,15.114575028419495
da14d8a6a50b406e9ba27a6b8bd486f9.jpg,50.537726283073425,14.670960456132889
da39330ed34e48029668fb187d1a54dc.jpg,64.1482150554657,10.821592882275581
da8da950e250484ab8086a6a8a2fbd48.jpg,53.58388423919678,4.869668819010258
da910ee43f644f2a9c6be55a65a7a72e.jpg,55.78140735626221,5.663461536169052
dac2cf7e64ee46c2b6daad5d6171285d.jpg,58.57330799102783,18.06637018918991
daf33107b977415ab0446dabea844873.jpg,48.991899490356445,0.5480685085058212
daf8feeb327e45b7b979d41cff8b9b4b.jpg,57.18861222267151,-4.102421924471855
db0bf2bf19b34aada4982a713479548d.jpg,50.023648738861084,12.256720215082169
db74132e0f7142839e0033347c281b7d.jpg,61.02847337722778,21.68980121612549
db8d5c29f5024649815f18c92b0c3bab.jpg,64.7216123342514,13.610950112342834
dbd30ed95c21455d8f6b65d2078d95a9.jpg,47.229114174842834,4.386382028460503
dbd90907ccfe422895338ff8480d6585.jpg,56.39974236488342,9.572010040283203
dc2b43447152485f85420435eaa6f2ec.jpg,56.24206066131592,11.049936041235924
dc6f451dece04046bdd27ec8582105f0.jpg,53.45418870449066,13.498108237981796
dc7431a3f76a47dfa391c87515cbc57d.jpg,56.079261302948,13.835172057151794
dc8b912eba634509859a894eca1d67f6.jpg,45.07410407066345,7.9998017102479935
dc908d592091446389e1a8bfe9fa298e.jpg,40.25847136974335,16.823005378246307
dc9c9ce4375a4b26b2ce6bf1959614a1.jpg,50.36715388298035,6.977015063166618
dca5f8b0d6ca48c5bf7db7ef9f1d27ff.jpg,59.356545209884644,17.496922463178635
dca6545a5c45408798383b78884a3da5.jpg,48.858577609062195,12.297845184803009
dca8ee5a9b0a4aa1be755195d1aae999.jpg,42.53976792097092,7.468309924006462
dcc4cc59e69d44058c610ce68a9781b9.jpg,63.06778907775879,-5.368692800402641
dcc673ee2bde42889e6a892f2dbb55da.jpg,49.720510840415955,17.34550639986992
dcddb9257f684d5a94d349d8aa189e9f.jpg,57.857882380485535,15.40201261639595
dcef4a460deb4dcbbafa999babb108ee.jpg,60.420915484428406,15.220152139663696
dcf13657de12456f9ac7cd2d1ce6c863.jpg,54.00731921195984,13.490429073572159
dcffcd6088104875ad7913f6c18d278f.jpg,62.28527069091797,19.956847429275513
dd08f6f66cf048f98edf7a82ddb3883a.jpg,53.22242975234985,12.586084753274918
dd2b191da63f4bf88940906b14a408e4.jpg,57.298829555511475,-4.795374646782875
dd432115499e4502b7cc7fcfc0e5e7d3.jpg,49.64277505874634,17.612949460744858
dd45aea8f861401c8471a23ab9475465.jpg,51.51258587837219,6.774854958057404
dd566f9717e74b6a96fc72e59bb51989.jpg,59.00583565235138,11.361614763736725
dd6ae6933acd4875aa32519132b30838.jpg,63.0368310213089,15.995568037033081
dd6ae920993d42448c228ad90508fe8d.jpg,53.64407300949097,13.942004442214966
dd6b2e82e3fb42e2bc1a5a81a96c4da6.jpg,46.25725328922272,9.09079760313034
dd7e8846420f42fa94b5dff9d7cec49d.jpg,48.45348358154297,9.779103398323059
dd8047f533d549f8bc5e2dce8500bf97.jpg,58.848127126693726,13.359370976686478
dd8a51a56fd649acb8ab271912702f5d.jpg,57.281363010406494,20.341519117355347
dd96d46a78804ae5872e9d451bfc3c8f.jpg,45.95114350318909,5.974746644496918
ddd5ea930b3c496b81e12fa4ab1892e8.jpg,61.36513888835907,16.56461611390114
dde0c97aeae04ee6a6e33021e245bd00.jpg,60.223687291145325,16.982934772968292
de0f9e8c7daf48338c1da7b4c764eea5.jpg,45.303990840911865,13.108671605587006
de10b87eb82f4ad7bccaa6e50a85bd83.jpg,51.99810862541199,17.19470590353012
de38b80ff7c44b1cae726aa7c27b3946.jpg,65.3186023235321,22.297517359256744
de42a69a75974dd498da85fae5fbcce6.jpg,61.792951226234436,20.704137682914734
de55312706054321a1f7d36d7375823f.jpg,52.7286833524704,5.182786211371422
de64fea3de6f447d978f87cba997d7b9.jpg,48.6554217338562,9.687214270234108
de935932883e4295b8692e70377ab997.jpg,46.38033986091614,-1.5739987045526505
deb6704e5d3749b3a3a86fcaf03bd857.jpg,64.73900377750397,15.300559401512146
debc13b4c7f0459c91a1ef734517592a.jpg,50.204923152923584,8.02425742149353
dee415bf35ed451d877530c8bf11baaf.jpg,47.68735885620117,5.960525572299957
def79cd3adcb4045917a0415edfcb2fc.jpg,55.273600816726685,-1.8490565568208694
df0d3d822fe0475fb944620c8cc0e3ee.jpg,43.55154275894165,10.357048362493515
df1224fad3b7437a9c2684270be920e1.jpg,62.33537435531616,15.478169918060303
df42435cf9db4edfa091794ed427aea3.jpg,70.25174796581268,-6.5098171681165695
df577a7d7f284d43a4cf09383fc35d73.jpg,60.380231738090515,16.886066794395447
df6842b117254fa886d594929f8489a5.jpg,50.697044134140015,4.517550766468048
df686989fd374e2983915912a2d50d1e.jpg,61.67329788208008,7.449521720409393
df7ec06bb312494a9e7f2dc8ba4c42ee.jpg,63.56346130371094,1.8208692222833633
df9265591dbf455bb5e3db6bd6d3e4e0.jpg,54.55510139465332,8.550118580460548
df97d0d68d7e41e7812d261408a4f8be.jpg,58.60635817050934,14.742104709148407
df9de67cb9ef41ebbc40c32f242bc831.jpg,41.703940629959106,6.951192766427994
dfe4392d6de34b8790f3d5c9ec879114.jpg,62.591493129730225,16.788100451231003
dfeef046ff594296b7d68bdd8dfaf929.jpg,55.30336260795593,12.861724644899368
dfefa31c0cc14bedb614ee374e164e1c.jpg,40.41711866855621,3.7685512751340866
e009711e0917448da1a89f0ab9e8f836.jpg,64.66139137744904,20.10746955871582
e03bab35e2384cbd8cb24428c7146cbb.jpg,52.98436760902405,7.45631642639637
e0443e9288564393b3b672fe9adbc543.jpg,47.56635904312134,12.06631824374199
e04bb2ecb21b4d339fbd046bb9076d05.jpg,61.680389642715454,21.6292342543602
e07915f3c0e747cd9b2786a94a0ecc6d.jpg,55.861830711364746,20.756333470344543
e07ba152e18d4a949f3296e864e57217.jpg,64.43158507347107,21.710540056228638
e0854d9d936f4b0784b0cabeea04ff1e.jpg,48.79534184932709,13.805139362812042
e0aaaddbddd343eb8fe52adfd49d84a5.jpg,59.54169809818268,-16.032526195049286
e0b84be8c28e4ad983811990ea1bd8a7.jpg,50.91570317745209,11.297265887260437
e0c8cee69ac944cdac3eb18dd5431d5b.jpg,56.34033143520355,11.389787346124649
e0d66bcfaa2041108f8cd6c964281b69.jpg,55.64497947692871,-10.809453204274178
e1100b8dcc3140e4bc5df93836e04c28.jpg,45.10182201862335,10.760448575019836
e112a581b4664059a5058ac26ac98671.jpg,58.61847639083862,15.626201033592224
e11cdb5dfc1c4a898322e3f5f991570d.jpg,58.98807942867279,0.31349189579486847
e1491e69949143b8856962c061afaac6.jpg,40.937955379486084,14.363304376602173
e14decedb48047d0955c24fa6f5d8f24.jpg,50.113685131073,9.441164508461952
e14e0556a1484e2ea754e3f3ded9c061.jpg,47.11035132408142,9.859684333205223
e1561f7c90c74669a5b8f87632510c86.jpg,45.72476506233215,8.084088116884232
e1697ec357084c1593835709a6c743cc.jpg,59.59104537963867,12.621656209230423
e17c8dd31a234d5a97abbb5e091afe94.jpg,50.761422514915466,11.162369549274445
e19e2f3043344155965a448e10a276af.jpg,48.49921524524689,13.37038278579712
e1c8684a4db44ac58d45db4744f6c513.jpg,43.435826897621155,8.764235973358154
e1fb9879340741f084d5759f7714aefa.jpg,39.19530272483826,6.405428946018219
e1fe27c2f9cc49e898472840b2c108b7.jpg,53.04194390773773,5.139844045042992
e20b6f74a27747f3b8afdd3b5fca6268.jpg,51.20008170604706,12.09661915898323
e214c8971b544765a088ade4845befa7.jpg,60.18942475318909,-21.49090200662613
e21fab23b1864c85bf424a0f05ffa1d7.jpg,48.63943040370941,9.117020219564438
e23e1eee4aa543e4a89e9f50a2652298.jpg,57.898828983306885,15.10714128613472
e27536b241134fb29cabf487c5fe1ed9.jpg,59.22958016395569,9.495394080877304
e28c15dc65324c32b70c9c888b442686.jpg,46.1567348241806,6.519151926040649
e28d9d429973417a9952a07dd81c5d3e.jpg,60.45243680477142,-18.130378425121307
e2f40e393c054badb2b707fb6fcdc08d.jpg,55.216877460479736,9.945050328969955
e333dfab1fc843bbbfc9159696427795.jpg,51.10941767692566,12.04832062125206
e35f51423b0c48648b9d2096637c4cc5.jpg,62.870641350746155,24.672921895980835
e3659b0c9b2141d0b274afc0d26c6fd3.jpg,47.01228976249695,0.005732551217079163
e37c247c452949c9b0c5b74102c12895.jpg,44.16585713624954,12.93666958808899
e393ee1c684c4ca9a47591fb31961a4a.jpg,44.13647085428238,6.387805491685867
e3a5fc37db984a30b6f93981bc6ff3ac.jpg,63.53572726249695,20.755856037139893
e3bea4a17b1445e995262fcbf20468e4.jpg,58.70969295501709,18.455164432525635
e3ef875ca7ec426c98bfd47f87091420.jpg,42.832482755184174,4.878924451768398
e41395a79db74f7887c86c99db23f6fa.jpg,51.17153763771057,5.0188737362623215
e4350423000346bdaffc4de474653011.jpg,53.09265375137329,1.3475223630666733
e449be2d211d4ae68970453533da90b1.jpg,52.34964966773987,6.186124160885811
e46059b87ada4329bccf1de33b977f1c.jpg,36.097568571567535,30.050839483737946
e464f6c0b1f14e648229b1f7c76afc78.jpg,49.883809089660645,9.752569645643234
e49889d1d25d47179937fa64f443534f.jpg,60.65105438232422,-14.492289125919342
e4a61243d0cd417b9d2b9fdc44d1fd9f.jpg,51.53035819530487,12.280743420124054
e4b8a846ce234063a9757f815e108189.jpg,48.82279694080353,8.81871834397316
e4e81ca4e832434a863821cd7bbe02f1.jpg,61.4289915561676,2.5038354098796844
e50ee7676a0a45338bbb6fc42ceb4f72.jpg,55.992443561553955,12.580582201480865
e5200a0b7df14643a1f6009a839e1045.jpg,42.76177704334259,15.999301671981812
e538de9761fb41b4836c4d79249f9d5f.jpg,38.989231288433075,10.612938478589058
e53dcbfe218b410e9806695d4ec10b7c.jpg,53.82272958755493,13.071009367704391
e556d8738e1a4627ad719a338ebe8a34.jpg,62.193979024887085,15.956913381814957
e55cc266fd224e688254485d92b2c1df.jpg,49.47476148605347,4.326519146561623
e56359ee6efe40aeba48ce0f47a6003b.jpg,68.2196044921875,-17.888864278793335
e570f09753624aa085fdc748cd191712.jpg,55.108317732810974,11.059384793043137
e59a1214beaf42d2bb475029249462b3.jpg,59.37731623649597,-3.2291577011346817
e5abf1df312e40bca3416a4695ac01e8.jpg,43.60095977783203,16.512507498264313
e5b8b1293777445fa132187e21bed7a4.jpg,53.36167931556702,13.535095900297165
e5e014d689834de8926fa2c4fc0ad274.jpg,57.68192410469055,16.718485057353973
e5fc917c11d045d99aa1f3670dbe29c9.jpg,48.95685374736786,11.162529811263084
e602c978d1c546a28f24a847da31f1a5.jpg,49.0013462305069,6.782543510198593
e62896f64ace4c71a6f030b80b2cebae.jpg,54.67291474342346,17.90805548429489
e63e4eec98fa412386c12b46be0aea87.jpg,53.64757061004639,12.223440706729889
e64a541747024ee1993af88f2f88014d.jpg,48.60800564289093,9.602369964122772
e6544c378baa49939f427d2b48007371.jpg,46.2175726890564,15.177498310804367
e694f0dd4f1f46288f86724bea07bf8e.jpg,50.01907289028168,4.435470476746559
e6c9dd4d70264d57be1529a0fe20b09e.jpg,51.73519849777222,11.526199132204056
e6d7a4af79d14142965454aa22fc0fd1.jpg,54.668558835983276,11.985424160957336
e6e45b71bb1f4200ae08309f5f5fd55c.jpg,50.24970531463623,10.222797766327858
e7028dc14663484d8e13a19b103bebe3.jpg,42.354319989681244,11.093622520565987
e70501a681d147b386709283172e1fac.jpg,58.32365334033966,15.618658661842346
e7206dd6162b4d8e83cb52ea7ea554b9.jpg,51.91307723522186,17.371503710746765
e737e3afa32144b5a6b56e0ffcf6e748.jpg,58.823944330215454,15.75069174170494
e792758750be4ec4b6ec70f6faf4197d.jpg,63.2093346118927,21.37313023209572
e7a77ce0e93d4a55a41a75a932f22df1.jpg,48.931233286857605,6.70149989426136
e7a87f7850ca41f6a11244022f88fe96.jpg,42.36357092857361,7.169195339083672
e7aa24555ff543b293ea38bac551036c.jpg,47.12979197502136,10.140527039766312
e7aaa7e025b349beaf3e2a81e8c5d60a.jpg,59.577001333236694,20.942831486463547
e7c3051adca649769eeea91a518ca7fd.jpg,56.422439217567444,12.059532254934311
e7db2ae5789e4102852ca5868983bf28.jpg,61.226398944854736,-22.645863890647888
e7fa18e37a4940afb5d00135b7040576.jpg,67.274329662323,-22.32930690050125
e80d5c4211b84cf887371bbe9e2263bf.jpg,47.84305036067963,24.03656780719757
e82599c5aebd47009f519654934c64e8.jpg,47.81070291996002,8.933317065238953
e84ba70a1fb644aaabe4245b53167931.jpg,44.691540598869324,7.742107808589935
e85e220bb701492ba455ef2efe133b7c.jpg,61.12273693084717,14.003909826278687
e87d21d878ad46e4ba5cd19cf2fb9dbd.jpg,41.91239386796951,3.3763278275728226
e881572540ef4ab18c2f9a8a9c34f236.jpg,53.236629366874695,13.090617656707764
e8cab478408747cbbba4a727844ad790.jpg,61.86496317386627,18.151240646839142
e8cce57fd2a84ec9b428b4e4d46475eb.jpg,59.299843311309814,16.28799319267273
e8e647d626a84a5fbe4ee86f854df51c.jpg,42.369659543037415,17.518675178289413
e9152bf50a594bdda5b1f1e89562630c.jpg,57.14605093002319,13.32791268825531
e93d01ea512d44f28d3fcaa29c16ed2f.jpg,45.477776527404785,23.073230981826782
e94d0ceff5e542e581bdf7e07a7d151b.jpg,50.55327236652374,9.230944365262985
e96dc1c37f1e4819836791e722a17200.jpg,51.65299952030182,8.558274507522583
e99af8a0789846f39aae6714e00d8fd6.jpg,49.31837797164917,10.328183099627495
e9c4f87ed38447dca446e7dafad95efb.jpg,60.00933587551117,13.296316266059875
ea062cf8052d4dbc8609cd0164d3046e.jpg,48.21806073188782,4.680397063493729
ea2140c42a03422fb83899e96ee3a86a.jpg,58.91368567943573,17.375435829162598
ea2639ff4a214864aaaa97358d743c05.jpg,65.14890432357788,-17.19422310590744
ea68985dd2f64e569b9321698c63805e.jpg,49.661571979522705,9.837293922901154
ea8124a975c3403c88d46e61231d6ae5.jpg,44.25864815711975,7.23943904042244
ea8901f314964a80ab94d94edd9580dd.jpg,52.763734459877014,21.085853576660156
eace9feff32244c892a34d58b2c50139.jpg,57.83047556877136,6.156090125441551
ead9a400aa33401bbd7f52fa4537ba1d.jpg,62.08296775817871,16.483679115772247
eb2fb33c6c45471b993b5449a0aa4363.jpg,54.85404968261719,-4.1360219568014145
eb300ad8e9964cd69c2c0c04e9a23220.jpg,49.1593873500824,12.251046001911163
eb513e25cc064e4aa3f645c6e31a0b67.jpg,51.960992217063904,12.60289415717125
eb8624a5ea7341278533c6f9b0ec9622.jpg,50.13730466365814,10.590568855404854
eb8f0964817b4ec6a5dab162e28cfdc3.jpg,61.01025581359863,16.935011744499207
eb9784eec767489d84cd352718b91f07.jpg,45.05673944950104,8.92834760248661
eb9b4d363385451fa6ce539daebb24b8.jpg,46.75682544708252,7.188552170991898
eba935d1e9d945b09e6ea259ffe0e87b.jpg,49.44171667098999,13.197530508041382
ebcd658dd5bb42b5b30a1f607f1ec9f1.jpg,52.6595413684845,13.143254667520523
ebd0daa72e254466a682fae21ee13cdb.jpg,48.301236033439636,10.541731864213943
ebf4938ce9994a32989e4036f8ad403b.jpg,42.37120717763901,7.9477259516716
ec22b3e5bee8474ba44c8799d0283c8c.jpg,58.6369514465332,14.65623915195465
ec4d1535e0c8404683246a7196fced60.jpg,61.881104707717896,-12.445742189884186
ec76993e503144febe72ad8a9760559b.jpg,49.77427840232849,11.844216585159302
ecb47049ea934d19aeba50e34174eb15.jpg,51.852335929870605,14.358025789260864
ecc8d3d32aff4cfabc9f6f28492fb3d9.jpg,58.00674498081207,-18.996281325817108
ecdf46f7e2174e48b6bda9ee026e2206.jpg,55.09719729423523,15.391674041748047
ecedc995a7e549c3a5b3e6c2e7dc4a23.jpg,47.23000466823578,5.041459947824478
ed38cfb8b1744167916f69cec378c0f8.jpg,46.98069870471954,4.708354733884335
ed3c75b3cb5747d88220c7a15d379c64.jpg,49.61174190044403,18.021692633628845
ed44c647ff9c43e4a0b1fbe566f7db80.jpg,54.13943946361542,7.737851142883301
ed67e352347b4bffa7525c702e161882.jpg,49.557212591171265,12.049059569835663
ed96de46df5041089a403d24b05437cf.jpg,48.07784557342529,5.677063018083572
edc613cd3fc34e16b0770de3d6e56cdd.jpg,44.39367860555649,6.887472867965698
edfa71e80b1a416aa9bdf068b938b330.jpg,56.855154633522034,17.011398375034332
ee70ec59bcd64a29bc82777178af7f17.jpg,53.975932002067566,14.68929335474968
ee75839a135443cb8c4ddffa928cca4d.jpg,55.82900047302246,31.92704200744629
ee8088fd82f74af797259c333b396f74.jpg,48.64997684955597,22.59677678346634
ee82a746dab846398097b55e5346d5fc.jpg,50.41501522064209,0.2921897917985916
eea6ed9ff10c451db25694de7780f496.jpg,56.799193024635315,12.656464576721191
eeb33bc2d5af497d867b326051076602.jpg,46.261308789253235,8.799930810928345
eec46c22639c405da2416ad80ed1e512.jpg,57.28969395160675,13.304130882024765
eed3e3bab6ff4d338dff1ca7950f4d08.jpg,64.32354032993317,22.578561902046204
eede108b7ce5474ca3abd2ce7401c23e.jpg,49.56484615802765,13.543697744607925
eee739a4d0dc4e608375c35b4520fafe.jpg,40.118827521800995,25.75304478406906
ef41ae60882343078664cd13007d8170.jpg,52.98133671283722,13.929261267185211
ef50cbcf25f24f818c668562ae2c3232.jpg,57.15144753456116,9.738966822624207
ef65eeb6d88f4bb393b6d27de98e4b94.jpg,54.16684091091156,16.60042494535446
ef8e91970a7942d993a6f294d2fa2ecb.jpg,62.10004270076752,-14.751484394073486
efdaecd7bca546d4a5d02a63e338390c.jpg,41.258632242679596,12.172167599201202
f003577fa17843d49ddd16dd3dc69063.jpg,56.8545001745224,7.782796248793602
f010a8ae2ef04b61bb9ce9bd536aff64.jpg,59.149017333984375,27.441685795783997
f0116dc14c14478a880eeeb42e3c6c8e.jpg,58.882856369018555,-13.998623192310333
f0228996d1d14d90a634003e77d545d3.jpg,42.57422357797623,11.88563123345375
f0568f2c048143a2897e684a390373e6.jpg,48.04340064525604,10.719902962446213
f08049c547cd43889d7bf795066afeff.jpg,67.27384686470032,-25.65558671951294
f0b4299daf3344a8a0dfcc379ee20916.jpg,53.65118086338043,13.719924241304398
f0d5a87dcf0a4fcebcef54e307de0b6a.jpg,45.37753164768219,7.722946107387543
f0de4ddca05e487db2996a9da7b71668.jpg,50.733516812324524,9.72774513065815
f0eb31c6dea34869978f32616ae2eb07.jpg,58.77303600311279,17.584843933582306
f1088e9d6a484ae3a5c5921f881bda31.jpg,53.76616716384888,4.728376418352127
f1121ef37289426b9e6cba39b94dcba5.jpg,46.16980791091919,4.785179905593395
f121bedfc08445de91cbccbb415cffc6.jpg,52.28397309780121,16.844253838062286
f148d5c953f54b35b5ddbb23f75a85ab.jpg,57.87516117095947,-14.341388046741486
f14922474d4445bf9cf80178e01c054d.jpg,53.82892549037933,8.969532251358032
f17867d6ac404d23ad1849356f8a13b4.jpg,40.97110211849213,25.524413287639618
f17a9863e16349e7ac682d56b4c3e687.jpg,49.31620001792908,5.726089775562286
f194839b0d314ee4b842f0c1a16d9c17.jpg,50.58627426624298,16.84828519821167
f19929230d8e4b7d8eae9fb9879417e8.jpg,37.41185903549194,13.320993930101395
f19f2a201f2c4c3ba9e914f5d375c983.jpg,56.87600076198578,15.390243083238602
f1d8d81e0ff54bbeb1d6ccc5819daa31.jpg,47.02828645706177,12.614643573760986
f1f0124c73454334b9463597b2bb667c.jpg,44.16219860315323,16.007015705108643
f2084112adf4419abbb910a50c414684.jpg,47.68570125102997,11.279807388782501
f210b3ae9473491e903e68843a76cae0.jpg,51.16715490818024,10.606226921081543
f2172f52c5a04bef888038134328ad54.jpg,54.56467688083649,15.627855956554413
f21aec60419045d89c733debf13b51d6.jpg,42.96061992645264,4.613092392683029
f23e76983f664b2780df0c5c54f9736e.jpg,51.20800495147705,5.873120427131653
f2433d84824e4da6a44b2552391a4462.jpg,44.74050164222717,18.54393482208252
f2436bbe56cf48fc987fa77f801ae4dc.jpg,73.65004777908325,22.08289235830307
f2703d45195244db80f8a76ef8224f04.jpg,65.91372013092041,-23.511412739753723
f280b927aec249f880d680ff65a3b07f.jpg,56.877835392951965,7.861489579081535
f28fe5d995694a37adb931787f9155c3.jpg,44.073122441768646,20.872963964939117
f293d6dcbb994b40a741b62dfdeaf9ca.jpg,52.59163320064545,11.86967208981514
f2b4edbe9f354718a3c00311e6aa22c7.jpg,56.28598988056183,18.47759574651718
f2b8f737985d47c6929b2d3efd73ef93.jpg,44.38984841108322,-3.107296898961067
f2be799b90cf4c8f9dfd643e317d9e38.jpg,58.27277183532715,31.027831435203552
f2ced4f826434ce18d313b817f27c69d.jpg,47.494550943374634,11.452278792858124
f30aa619318d4bc48fa0445b4809ef8e.jpg,48.372164368629456,6.486676409840584
f314519607f54f57839d431a5f1837bc.jpg,59.09994900226593,14.703604280948639
f31739438b5042c9902510d9f27eb833.jpg,38.35168093442917,11.887083649635315
f32ac1b6d1094975b5e8b1421117d467.jpg,39.431192278862,24.89949345588684
f32e474f0a864fd59ea4df88c0e4a395.jpg,44.74810838699341,11.415736377239227
f33ea7a793964795b1b1bedb2fbafe6c.jpg,48.92960250377655,6.01419523358345
f34f9ab9809f45a0ae443e3dbb336cbb.jpg,46.87724590301514,13.99906039237976
f35215be291e4e349a8a8ea1c94bbab2.jpg,59.6477472782135,7.482489421963692
f3558ba3dba44011aba80ad157368a59.jpg,66.01519346237183,-17.053667306900024
f36226ee870f4858891aeb6c04b5f74c.jpg,41.634031534194946,5.38875438272953
f37a139ca88040a69bc7ba8ab4362a3d.jpg,60.77171087265015,-19.63694840669632
f395ec39d1cc4034a2a26d0dbbf52593.jpg,54.11169469356537,11.841106563806534
f3a4e14b5e944cdbb9db9febe5a31bbd.jpg,55.397427678108215,11.51193916797638
f3c4ba430bdb4f59aa48156acc7d2695.jpg,52.300549149513245,11.386685371398926
f3c763a7f6764c09bda3c9cbbdc23084.jpg,50.96360206604004,17.354377806186676
f3d69006b4e34d6198184b2332bf16a7.jpg,48.11036467552185,2.667704299092293
f3dd018b24c54fec8512c34bc3732bf2.jpg,66.85481071472168,-15.009228587150574
f409042ef073416cb1a8b641dc93d163.jpg,53.40072691440582,16.508798003196716
f4103fb6cc3344c6959b95b177ccd844.jpg,46.98411047458649,7.834600433707237
f423d2ec837744df9dfd69a1d2928653.jpg,61.760759353637695,20.124278962612152
f434c67c707445cf9b05df9f89d783b2.jpg,64.51663255691528,9.440465122461319
f43b1d53851741a78a4bd5e83f1653f1.jpg,50.2834689617157,5.38931630551815
f45bd984b7da4d968144fbf4b5c06abc.jpg,62.86395192146301,-12.242248356342316
f4676c0107114f41969a7b878d5a8d54.jpg,43.2769837975502,10.965870916843414
f46d26c50fc145659fc66111f794461e.jpg,55.18814563751221,14.192835241556168
f475b24095d94a2ab33abb8d9f8e1f1b.jpg,41.02942943572998,14.87748920917511
f4bf1b17caa44ae8b87abe016069dc62.jpg,45.12283444404602,9.654863476753235
f4dd19a7a9be4474af451f16159801be.jpg,49.18386518955231,-0.8793360739946365
f4e9e05355e84ea5b35199a04df0cf1e.jpg,49.893019795417786,-0.5174913257360458
f4eeb86d1b3d4e95b144eec0efca22bb.jpg,57.61052370071411,15.08200228214264
f4f21aaf96ce4bba8157c16259dfcda0.jpg,69.29473578929901,24.89787608385086
f51383e540024d4aa2085727d29114e3.jpg,57.22982168197632,18.183373510837555
f51ec94288264bf288349142c1de3380.jpg,55.03324270248413,16.698017120361328
f52c701ca3944b8399c8dfc20eb01832.jpg,61.71377778053284,14.260900318622589
f55c4ef95bee4d6c8a146fbc0f40e11c.jpg,52.82429873943329,3.1093306839466095
f56bf132ae384b51bf3467de83993984.jpg,63.52447271347046,14.586997926235199
f5818f2bf0c643dca0a834109458a7a1.jpg,47.73690462112427,10.989089459180832
f5b71d21441c4c94b1af7e5a721165e6.jpg,52.205443382263184,17.642868161201477
f5e010f6247344d98615f695f15454c9.jpg,58.75860571861267,-3.9741653949022293
f617d679d06d48619470822005357b98.jpg,56.93319082260132,15.432124435901642
f618a17181304b968c57398772092c60.jpg,47.37434506416321,11.111496090888977
f61f7f9b7906454e8229c14be9fffbe1.jpg,53.90491783618927,14.723333269357681
f62cc3e917db48318dbac4e59d652dbe.jpg,45.69060444831848,26.873459815979004
f6348d1bc57c4209b9a9ede1f2f37239.jpg,43.11176508665085,9.635150581598282
f63be0497f5d4b31ad834c00c62e6cc9.jpg,47.741684317588806,14.449548125267029
f6412f0dacdb44ec801057faad9ef316.jpg,46.207884550094604,3.2726912945508957
f6822d86305442ad88a9d7cf5ada0b0e.jpg,71.63109540939331,-25.056995451450348
f6835a578b6c4203abd67dc9e07c1f9a.jpg,41.39422059059143,12.540287375450134
f6d9bbcc5b434fd7a53d0c97f809a105.jpg,53.47836077213287,8.000251650810242
f6e9843a4304405795498c251dd91d1f.jpg,49.20306980609894,9.841671958565712
f710e4246d484dbd8267cb3815bf1f1a.jpg,51.61423087120056,22.076457738876343
f713525184ac42e4a5ce36e5950ae05f.jpg,62.93163478374481,15.26600182056427
f714953ecdde4a4e8b20c363a6f339cb.jpg,47.84973442554474,9.761779680848122
f7195dd0cace42f7abdee37361ecbb55.jpg,59.71038222312927,12.624261975288391
f7270047212a49ddbf8e448d6a1ee1a6.jpg,49.94731307029724,6.368771195411682
f76e221939594a4f8a4fbccc70b5255c.jpg,50.092753171920776,6.62965290248394
f77ec067e00c4f01af8cf94bf7697e03.jpg,55.18440127372742,8.786410465836525
f7bda72392b74a33972d111eb46d8604.jpg,65.86795628070831,22.04803168773651
f7ded185eaf04e8284841e9be8d333d5.jpg,51.925265192985535,12.448229938745499
f7e2fe3f89ca4b908442358892c320aa.jpg,42.37019062042236,11.262423992156982
f7e6bca292374bc4874079daa52b126a.jpg,56.752983927726746,22.948358058929443
f7f15af0360f44488fca8b40e5e3f19e.jpg,48.32220017910004,17.236925214529037
f803924d540746e6aaac40938c42ccaf.jpg,45.71117162704468,11.83058962225914
f81b64d7d2c6453695ca8dbe4b4cae15.jpg,66.90671145915985,23.652175068855286
f84d2ea58e174522a83b11809b685d23.jpg,62.725045680999756,-11.241441741585732
f84f848441fd4664a63bddb73c47db81.jpg,58.8177752494812,15.239179730415344
f85fed3613564d788faea437ab853917.jpg,52.2373241186142,5.513563938438892
f865d4e7fbb64fe4946622f35155844c.jpg,44.90478694438934,28.92633944749832
f894af6331894d47af9ed00e7c59c24d.jpg,46.170204877853394,11.880643665790558
f8ced23f611d4f3dbfb52a4afb32fc51.jpg,51.05488836765289,5.8477360010147095
f8f5fec8c41a4e1593571cc8691b8e8b.jpg,50.80610811710358,10.602958649396896
f8fe5264279346fd93a2b20add0d1ef3.jpg,45.598143339157104,6.288488656282425
f93d7ee6aa164b2baffb6879f7532c00.jpg,54.002657532691956,13.678053617477417
f968393185a144858be6a8efeab21459.jpg,51.52168393135071,4.945075437426567
f974de33588144d8a2e370fb556e0097.jpg,50.71217179298401,-5.187603458762169
f97f13ad7a0d4ffabd058d56b82f383f.jpg,43.13367336988449,5.52863460034132
f9cfcb595d264cde871e2b0a4e12e8fe.jpg,55.072832107543945,12.924922853708267
f9dace03ec8142d5a028698f7c99c3c8.jpg,63.67647886276245,18.681349754333496
fa00a8a174124b3ba631cdce35f89493.jpg,38.47942650318146,8.586324378848076
fa06a5c8c6f0402f96495ae7dd3da5a7.jpg,43.917197585105896,10.914144515991211
fa2e430992084c10b28cb6ffac5e04f2.jpg,52.46674954891205,14.287482351064682
fa4c868b169f42b98879ecc15ad6a381.jpg,48.416619300842285,15.778912603855133
fa5366292f7e4baca4566c18145fc265.jpg,44.00012344121933,5.877917557954788
fa6e8a00075c486eb54c99e00af18520.jpg,61.1693000793457,12.24575400352478
fa80683cbd544fb581dd8ac8d9916f5a.jpg,64.13298010826111,-21.84768408536911
fa881f67840948958570fb14192c6e12.jpg,49.74339008331299,10.786408334970474
faac20ae3b664edb89bf5b576a36b8e8.jpg,44.720377027988434,7.855383530259132
fab5eba7d3284ca497b8de9af4c03cf4.jpg,44.45578247308731,13.928460627794266
fb1749b5ace14d6098c172198effc8ec.jpg,59.55991566181183,15.90508371591568
fb2c5ca27eaf4f14a790413ebc7f049d.jpg,60.1226806640625,17.823426425457
fb5c16eceb694877ae2ac6c2dc600857.jpg,56.42036318778992,16.46375298500061
fb8d78c9db36441aaa1ad119f1804fc9.jpg,52.11041271686554,13.380852788686752
fb9bafd284c7473f9718b8ada34a1452.jpg,48.55504274368286,1.8436270952224731
fbdc81e3689245649081aa0c4048a718.jpg,55.572441816329956,12.977424412965775
fbf4d042f8a14081a8413e39688a1307.jpg,67.48209357261658,-19.1230371594429
fbf501b0518540b382dd5cec3473fd46.jpg,56.58329129219055,15.009060949087143
fc6326c9193a454b9b4159ec087fe249.jpg,57.67543315887451,-20.751883685588837
fc720ec32cdb43aa978c80000c97f2b2.jpg,48.88817846775055,6.20071604847908
fc776a1636fc402e87fe6fbf5c71bb0b.jpg,58.476576805114746,14.961812496185303
fc8a8cf3b6ec4063a9e5bcd4d8cf50d7.jpg,60.24552583694458,-20.19448310136795
fc9ca24679be4b84a61b2498f8f56583.jpg,44.35458540916443,9.55404594540596
fc9feca739cd4b308f53a3dff812ae99.jpg,50.60107469558716,17.440172284841537
fcd1fd8d961d487597884d83ea127c40.jpg,53.8306850194931,18.604657351970673
fce06cf9cfc9408eb4ed12c3c09be181.jpg,57.4514365196228,12.964210510253906
fce95fb84e434ec68d82abd2ba14289c.jpg,50.055062770843506,16.354774832725525
fd18e276ed8c4dde971154efca970175.jpg,44.73258912563324,10.56330755352974
fd29241f33494d559091faf6d50d3220.jpg,44.321081936359406,2.65762522816658
fd2c969b829648a3812e63b7a16d7088.jpg,66.29765152931213,15.1956045627594
fd49c0bab92c4127b3c7a459a4006cd7.jpg,48.766910433769226,7.330356538295746
fd827d4636fb474da0aedd391f3430c4.jpg,57.74170517921448,14.484074860811234
fd98c2e745434c79a0826911ef2e372d.jpg,47.81550943851471,0.01712590456008911
fdb29aad535b4c989e6f13eba0daab7f.jpg,51.93256080150604,3.50760854780674
fdbc621f765746be85d49974ed7daa05.jpg,46.787665486335754,9.39824178814888
fdc39b19628f4f29b850dd89cf3f9792.jpg,40.35586774349213,7.964736521244049
fdc3fed4a51a4c71a0327d1dc02fea7b.jpg,47.49537706375122,6.107643395662308
fde57d3ea707484d80d5a18227572764.jpg,51.82222545146942,19.96326059103012
fdf158c76dc04e35ae7bdc3ffff816c7.jpg,43.310602605342865,7.258046194911003
fe084782bc074c6887f16414be4b5ec2.jpg,45.22623896598816,7.7267856895923615
fe0d5de283304da5abaea230e8c5ed09.jpg,51.30466639995575,11.696126461029053
fe280020fac143e29d177ad14ea5c8cb.jpg,55.71737229824066,14.55245241522789
fe39cde4a30b40b2907d6da7ec5477d9.jpg,65.44495046138763,-1.9771642237901688
fe464af3f2db461abc4d94640851528b.jpg,46.321486830711365,4.5926908403635025
fe5cfdea893b4dca824dedd7b0ed0f04.jpg,46.33609414100647,6.605419814586639
fe5e576c926345348cb8b94fddb69391.jpg,66.56511604785919,16.548175513744354
fe6cee4f4c2c4be4a7232a412c5c5f1c.jpg,52.03104615211487,11.847806721925735
fe72447580cf49208b57e3fe23d82da4.jpg,45.245121717453,10.759710967540741
fe9b3b925dc749acb8aaf609a6b92716.jpg,50.17921686172485,9.020709469914436
feb9397f3ce94a4fb8b12e1e6a28e57b.jpg,57.44043409824371,14.977642893791199
fec1b72aee0f46748f04414571cf9503.jpg,43.4974479675293,6.957526803016663
fef99e3b8a8e4cdcb33c22d524f2222f.jpg,68.21442782878876,-18.253266513347626
ff035241b6f14e9a96bcb9fc8a50ed9d.jpg,46.8067467212677,14.901615679264069
ff06494e156545f49573b2ded130db82.jpg,59.31089401245117,17.056341469287872
ff1e316cb3824bf9ab5ba7262d827988.jpg,59.22153890132904,17.24058508872986
ff3ec71405d94db5ac36b35f8ef8b294.jpg,57.41504430770874,12.248324900865555
ff408e4797a2471385567159ba0ed49d.jpg,54.66568887233734,10.262497141957283
ff4e6f20230147c58aafe1297ce2d0e9.jpg,56.330788135528564,13.151419311761856
ff52740b03684601ac43cbc50d644f3e.jpg,52.216134667396545,11.033111214637756
ff5a7641bb0241289d35047e2259a90b.jpg,46.27240777015686,7.021203115582466
ff802272e16441f297271e7e49480ec0.jpg,50.32240390777588,12.210230827331543
ff8bde56c2e147f084aa4733fdd88a4e.jpg,50.20972430706024,5.540798753499985
ffa4d0d8587f499e9b402c4865ed7c3c.jpg,67.85410523414612,-26.66543573141098
ffa7ea6d3e314820889b796b09e5b022.jpg,52.26674795150757,12.177714407444
fffa99466fa5408aaf87a6142acce635.jpg,47.489293813705444,10.711567997932434
